code,level,parent_code,name,name_source,has_name_conflict,sku_cnt
1050100000000,3,,,,False,1
60010000,3,,ОВОЩИ,МСИ I_CATEGORY_3 (через имена cat4),False,104
60020000,3,,ФРУКТЫ,МСИ I_CATEGORY_3 (через имена cat4),False,52
60030000,3,,,,False,19
60040000,3,,,,False,8
60050000,3,,ЗЕЛЕНЬ / САЛАТЫ,МСИ I_CATEGORY_3 (через имена cat4),False,27
60060000,3,,ЦВЕТЫ ЖИВЫЕ,МСИ I_CATEGORY_3 (через имена cat4),False,13
60070000,3,,"СУХОФРУКТЫ, ОРЕХИ, СЕМЕЧКИ",МСИ I_CATEGORY_3 (через имена cat4),True,37
61010000,3,,ВИНА,МСИ I_CATEGORY_3 (через имена cat4),False,584
61020000,3,,,,False,111
61040000,3,,КРЕПКИЙ АЛКОГОЛЬ,МСИ I_CATEGORY_3 (через имена cat4),False,541
61060000,3,,ПИВО ОТЕЧЕСТВЕННОЕ,МСИ I_CATEGORY_3 (через имена cat4),False,259
61070000,3,,СЛАБОАЛКОГОЛЬНЫЕ НАПИТКИ,МСИ I_CATEGORY_3 (через имена cat4),False,55
61080000,3,,СОКИ,МСИ I_CATEGORY_3 (через имена cat4),False,117
61090000,3,,,,False,299
61100000,3,,ПИВО ИМПОРТНОЕ,МСИ I_CATEGORY_3 (через имена cat4),False,49
61110000,3,,ГАЗИРОВАННЫЕ НАПИТКИ,МСИ I_CATEGORY_3 (через имена cat4),True,341
62010000,3,,,,False,710
62020000,3,,СОЦИАЛЬНАЯ БАКАЛЕЯ,МСИ I_CATEGORY_3 (через имена cat4),False,360
62030000,3,,ГОРЯЧИЕ НАПИТКИ,МСИ I_CATEGORY_3 (через имена cat4),False,445
62040000,3,,КОНСЕРВАЦИЯ,МСИ I_CATEGORY_3 (через имена cat4),False,294
62050000,3,,КОНФЕТЫ,МСИ I_CATEGORY_3 (через имена cat4),False,305
62060000,3,,,,False,195
62080000,3,,МУЧНЫЕ КОНДИТЕРСКИЕ ИЗДЕЛИЯ,МСИ I_CATEGORY_3 (через имена cat4),False,347
62090000,3,,"СУХОФРУКТЫ, ОРЕХИ, СЕМЕЧКИ",МСИ I_CATEGORY_3 (через имена cat4),False,104
62110000,3,,ПРИКАССА,МСИ I_CATEGORY_3 (через имена cat4),False,494
62120000,3,,,,False,96
62130000,3,,БАКАЛЕЙНЫЕ ТОВАРЫ,МСИ I_CATEGORY_3 (через имена cat4),False,175
63010000,3,,БЫТОВАЯ ХИМИЯ,МСИ I_CATEGORY_3 (через имена cat4),False,487
63020000,3,,,,False,189
63030000,3,,КОСМЕТИКА И ПАРФЮМЕРИЯ,МСИ I_CATEGORY_3 (через имена cat4),False,749
63040000,3,,"ТОВАРЫ ДЛЯ ДЕТЕЙ, БЕРЕМЕННЫХ И КОРМЯЩИХ",МСИ I_CATEGORY_3 (через имена cat4),False,90
63050000,3,,ТОВАРЫ ДЛЯ ЖИВОТНЫХ,МСИ I_CATEGORY_3 (через имена cat4),False,292
63060000,3,,ТОВАРЫ МЕДИЦИНСКОГО НАЗНАЧЕНИЯ,МСИ I_CATEGORY_3 (через имена cat4),False,14
64020000,3,,БЫТОВАЯ ХИМИЯ,МСИ I_CATEGORY_3 (через имена cat4),False,149
64030000,3,,,,False,5
64040000,3,,КАНЦЕЛЯРСКИЕ ТОВАРЫ,МСИ I_CATEGORY_3 (через имена cat4),False,159
64050000,3,,ОБУВЬ,МСИ I_CATEGORY_3 (через имена cat4),False,26
64060000,3,,ОДЕЖДА,МСИ I_CATEGORY_3 (через имена cat4),False,6
64070000,3,,ПОЛИГРАФИЧЕСКАЯ ПРОДУКЦИЯ,МСИ I_CATEGORY_3 (через имена cat4),False,190
64080000,3,,ПОСУДА,МСИ I_CATEGORY_3 (через имена cat4),False,67
64090000,3,,СЕЗОННЫЕ ТОВАРЫ,МСИ I_CATEGORY_3 (через имена cat4),False,603
64100000,3,,ТЕХНИКА,МСИ I_CATEGORY_3 (через имена cat4),False,25
64130000,3,,,,False,15
64150000,3,,ИГРУШКИ,МСИ I_CATEGORY_3 (через имена cat4),False,491
64160000,3,,,,False,7
64180000,3,,ГАЛАНТЕРЕЯ,МСИ I_CATEGORY_3 (через имена cat4),False,20
64190000,3,,ОДЕЖДА,МСИ I_CATEGORY_3 (через имена cat4),True,185
65010000,3,,ГОТОВЫЕ БЛЮДА И КУЛИНАРИЯ (TAKE AWAY),МСИ I_CATEGORY_3 (через имена cat4),False,193
65020000,3,,,,False,350
65120000,3,,МЯСО ИНД,МСИ I_CATEGORY_3 (через имена cat4),False,67
65150000,3,,ПТИЦА ИНД,МСИ I_CATEGORY_3 (через имена cat4),False,69
65160000,3,,,,False,29
65170000,3,,,,False,115
65180000,3,,"ХЛЕБ, ВЫПЕЧКА, ТЕСТО ИНД",МСИ I_CATEGORY_3 (через имена cat4),False,987
66010000,3,,,,False,63
66020000,3,,ЗАМОРОЖЕННЫЕ ПРОДУКТЫ,МСИ I_CATEGORY_3 (через имена cat4),False,348
66030000,3,,МОЛОЧНЫЕ ПРОДУКТЫ,МСИ I_CATEGORY_3 (через имена cat4),False,863
66040000,3,,РЫБНАЯ ГАСТРОНОМИЯ,МСИ I_CATEGORY_3 (через имена cat4),False,127
66050000,3,,СЫР,МСИ I_CATEGORY_3 (через имена cat4),False,267
66060000,3,,,,False,44
66070000,3,,ДЕТСКОЕ ПИТАНИЕ,МСИ I_CATEGORY_3 (через имена cat4),False,345
68010000,3,,,,False,10
68050000,3,,"ХЛЕБ, ВЫПЕЧКА, ТЕСТО СП",МСИ I_CATEGORY_3 (через имена cat4),False,93
69020000,3,,,,False,5
69030000,3,,,,False,12
69040000,3,,,,False,5
69060000,3,,,,False,1
69070000,3,,,,False,32
69080000,3,,,,False,6
69090000,3,,СЕЗОННЫЕ ТОВАРЫ (К),МСИ I_CATEGORY_3 (через имена cat4),False,102
69130000,3,,,,False,1
69170000,3,,,,False,25
69180000,3,,,,False,4
69190000,3,,,,False,14
71010000,3,,,,False,23
72010000,3,,,,False,2
1050100100000,4,1050100000000,"ТМЦ, ТАРА, УПАКОВКА",МСИ I_PRODUCT (I_CATEGORY_4),False,1
60010100,4,60010000,КАПУСТА,МСИ I_PRODUCT (I_CATEGORY_4),False,4
60010300,4,60010000,ВАРЕНЫЕ ОВОЩИ,МСИ I_PRODUCT (I_CATEGORY_4),False,7
60010400,4,60010000,ТОМАТЫ,МСИ I_PRODUCT (I_CATEGORY_4),False,26
60010500,4,60010000,ТЫКВА,МСИ I_PRODUCT (I_CATEGORY_4),False,1
60010600,4,60010000,ОГУРЦЫ,МСИ I_PRODUCT (I_CATEGORY_4),False,8
60010700,4,60010000,ПЕРЕЦ,МСИ I_PRODUCT (I_CATEGORY_4),False,8
60010800,4,60010000,,,False,1
60011000,4,60010000,"БАКЛАЖАНЫ, КАБАЧКИ",МСИ I_PRODUCT (I_CATEGORY_4),False,2
60011100,4,60010000,КОРНЕПЛОДЫ,МСИ I_PRODUCT (I_CATEGORY_4),False,1
60011200,4,60010000,КОРНЕПЛОДЫ,МСИ I_PRODUCT (I_CATEGORY_4),True,9
60011400,4,60010000,КОРНЕПЛОДЫ,МСИ I_PRODUCT (I_CATEGORY_4),False,3
60011500,4,60010000,КОРНЕПЛОДЫ,МСИ I_PRODUCT (I_CATEGORY_4),False,1
60011700,4,60010000,КОРНЕПЛОДЫ,МСИ I_PRODUCT (I_CATEGORY_4),False,5
60011800,4,60010000,КОРНЕПЛОДЫ,МСИ I_PRODUCT (I_CATEGORY_4),False,3
60011900,4,60010000,КОРНЕПЛОДЫ,МСИ I_PRODUCT (I_CATEGORY_4),False,3
60012000,4,60010000,СОЛЕНЬЯ ИНД,МСИ I_PRODUCT (I_CATEGORY_4),True,22
60020200,4,60020000,БАНАНЫ,МСИ I_PRODUCT (I_CATEGORY_4),False,1
60020300,4,60020000,ЯГОДЫ,МСИ I_PRODUCT (I_CATEGORY_4),False,5
60020600,4,60020000,ВИНОГРАД,МСИ I_PRODUCT (I_CATEGORY_4),False,8
60021100,4,60020000,,,False,1
60021200,4,60020000,ЦИТРУСОВЫЕ,МСИ I_PRODUCT (I_CATEGORY_4),False,2
60021300,4,60020000,,,False,2
60021400,4,60020000,ЦИТРУСОВЫЕ,МСИ I_PRODUCT (I_CATEGORY_4),False,3
60021500,4,60020000,"ЯБЛОКИ, ГРУШИ, АЙВА",МСИ I_PRODUCT (I_CATEGORY_4),False,4
60021600,4,60020000,,,False,1
60021700,4,60020000,ЦИТРУСОВЫЕ,МСИ I_PRODUCT (I_CATEGORY_4),False,3
60021800,4,60020000,ЦИТРУСОВЫЕ,МСИ I_PRODUCT (I_CATEGORY_4),False,4
60021900,4,60020000,КОСТОЧКОВЫЕ,МСИ I_PRODUCT (I_CATEGORY_4),False,2
60022000,4,60020000,,,False,2
60022100,4,60020000,КОСТОЧКОВЫЕ,МСИ I_PRODUCT (I_CATEGORY_4),False,2
60022200,4,60020000,,,False,1
60022300,4,60020000,"ЯБЛОКИ, ГРУШИ, АЙВА",МСИ I_PRODUCT (I_CATEGORY_4),False,11
60030100,4,60030000,АВОКАДО,МСИ I_PRODUCT (I_CATEGORY_4),False,4
60030200,4,60030000,АНАНАС,МСИ I_PRODUCT (I_CATEGORY_4),False,1
60030300,4,60030000,ДРУГИЕ ЭКЗОТИЧЕСКИЕ ФРУКТЫ,МСИ I_PRODUCT (I_CATEGORY_4),False,4
60030500,4,60030000,КИВИ,МСИ I_PRODUCT (I_CATEGORY_4),False,3
60030600,4,60030000,,,False,1
60030800,4,60030000,,,False,1
60030900,4,60030000,МАНГО,МСИ I_PRODUCT (I_CATEGORY_4),False,3
60031000,4,60030000,,,False,1
60031400,4,60030000,,,False,1
60040100,4,60040000,ГРИБЫ,МСИ I_PRODUCT (I_CATEGORY_4),False,8
60050100,4,60050000,ЗЕЛЕНЬ,МСИ I_PRODUCT (I_CATEGORY_4),False,24
60050200,4,60050000,САЛАТЫ,МСИ I_PRODUCT (I_CATEGORY_4),False,3
60060100,4,60060000,БУКЕТ,МСИ I_PRODUCT (I_CATEGORY_4),False,1
60060200,4,60060000,ГОРШКИ,МСИ I_PRODUCT (I_CATEGORY_4),False,9
60060300,4,60060000,САЖЕНЦЫ ЦВЕТОВ,МСИ I_PRODUCT (I_CATEGORY_4),False,3
60070100,4,60070000,ОРЕХИ ВЕС,МСИ I_PRODUCT (I_CATEGORY_4),True,21
60070200,4,60070000,СУХОФРУКТЫ ВЕС,МСИ I_PRODUCT (I_CATEGORY_4),True,16
61010100,4,61010000,ВИНА БЕЗАЛКОГОЛЬНЫЕ,МСИ I_PRODUCT (I_CATEGORY_4),False,10
61010300,4,61010000,ВИНА КРЕПЛЕНЫЕ,МСИ I_PRODUCT (I_CATEGORY_4),False,18
61010400,4,61010000,ВИНА ПЛОДОВЫЕ,МСИ I_PRODUCT (I_CATEGORY_4),False,9
61010600,4,61010000,ВИНА ИГРИСТЫЕ ИМП.,МСИ I_PRODUCT (I_CATEGORY_4),False,50
61010700,4,61010000,ВИНА ИГРИСТЫЕ ОТЕЧ.,МСИ I_PRODUCT (I_CATEGORY_4),False,84
61010800,4,61010000,ВИНА ТИХИЕ КРАСНЫЕ,МСИ I_PRODUCT (I_CATEGORY_4),False,171
61010900,4,61010000,ВИНА ТИХИЕ БЕЛЫЕ,МСИ I_PRODUCT (I_CATEGORY_4),False,166
61011000,4,61010000,ВИНА ТИХИЕ РОЗОВЫЕ,МСИ I_PRODUCT (I_CATEGORY_4),False,39
61011100,4,61010000,ВИНА ТЕТРАПАК,МСИ I_PRODUCT (I_CATEGORY_4),False,21
61011200,4,61010000,ВЕРМУТЫ,МСИ I_PRODUCT (I_CATEGORY_4),False,16
61020100,4,61020000,ВОДА СТОЛОВАЯ,МСИ I_PRODUCT (I_CATEGORY_4),False,20
61020200,4,61020000,ВОДА МИНЕРАЛЬНАЯ,МСИ I_PRODUCT (I_CATEGORY_4),False,23
61020300,4,61020000,ВОДА СО ВКУСОМ АРОМАТИЗИРОВАННАЯ,МСИ I_PRODUCT (I_CATEGORY_4),True,31
61020400,4,61020000,ВОДА СТОЛОВАЯ,МСИ I_PRODUCT (I_CATEGORY_4),False,37
61040100,4,61040000,БИТТЕРЫ И БАЛЬЗАМЫ,МСИ I_PRODUCT (I_CATEGORY_4),False,4
61040300,4,61040000,"ВИСКИ, БУРБОН",МСИ I_PRODUCT (I_CATEGORY_4),False,100
61040400,4,61040000,ВОДКА,МСИ I_PRODUCT (I_CATEGORY_4),False,163
61040500,4,61040000,ДЖИН,МСИ I_PRODUCT (I_CATEGORY_4),False,19
61040600,4,61040000,"ДИДЖЕСТИВЫ, АППЕРИТИВЫ",МСИ I_PRODUCT (I_CATEGORY_4),True,16
61040800,4,61040000,ЛИКЕРЫ,МСИ I_PRODUCT (I_CATEGORY_4),True,21
61040900,4,61040000,НАСТОЙКИ,МСИ I_PRODUCT (I_CATEGORY_4),False,65
61041000,4,61040000,,,False,1
61041100,4,61040000,РОМ,МСИ I_PRODUCT (I_CATEGORY_4),False,19
61041200,4,61040000,,,False,3
61041300,4,61040000,КОНЬЯК ОТЕЧЕСТВЕННЫЙ,МСИ I_PRODUCT (I_CATEGORY_4),False,75
61041400,4,61040000,КОНЬЯК ИМПОРТНЫЙ,МСИ I_PRODUCT (I_CATEGORY_4),False,37
61041500,4,61040000,БРЕНДИ ОТЕЧЕСТВЕННЫЙ,МСИ I_PRODUCT (I_CATEGORY_4),False,15
61041600,4,61040000,БРЕНДИ ИМПОРТНЫЙ,МСИ I_PRODUCT (I_CATEGORY_4),False,2
61041700,4,61040000,,,False,1
61060100,4,61060000,ЖИВОЕ ПИВО (С ОСОБЫМИ УСЛОВИЯМИ ХРАНЕНИЯ),МСИ I_PRODUCT (I_CATEGORY_4),False,10
61060200,4,61060000,НЕФИЛЬТРОВАННОЕ ПИВО,МСИ I_PRODUCT (I_CATEGORY_4),False,21
61060300,4,61060000,ПИВО АРОМАТИЗИРОВАННОЕ,МСИ I_PRODUCT (I_CATEGORY_4),False,30
61060400,4,61060000,ПИВО БЕЗАЛКОГОЛЬНОЕ,МСИ I_PRODUCT (I_CATEGORY_4),False,19
61060500,4,61060000,ПИВО СВЕТЛОЕ,МСИ I_PRODUCT (I_CATEGORY_4),False,124
61060600,4,61060000,ПИВО ТЕМНОЕ,МСИ I_PRODUCT (I_CATEGORY_4),False,15
61060700,4,61060000,ПИВО КРЕПКОЕ,МСИ I_PRODUCT (I_CATEGORY_4),False,12
61060800,4,61060000,ПИВО КРАФТОВОЕ,МСИ I_PRODUCT (I_CATEGORY_4),True,28
61070500,4,61070000,,,False,3
61070600,4,61070000,С/А НАПИТКИ ПИВНЫЕ,МСИ I_PRODUCT (I_CATEGORY_4),False,19
61070700,4,61070000,С/А НАПИТКИ ПИВНЫЕ АРОМАТИЗИРОВАННЫЕ,МСИ I_PRODUCT (I_CATEGORY_4),False,1
61070800,4,61070000,С/А НАПИТКИ ЕСТЕСТВЕННОГО БРОЖЕНИЯ,МСИ I_PRODUCT (I_CATEGORY_4),False,21
61070900,4,61070000,"С/А НАПИТКИ НА ОСНОВЕ РОМА, ВИСКИ, ДЖИНА",МСИ I_PRODUCT (I_CATEGORY_4),False,11
61080100,4,61080000,СОКИ И НЕКТАРЫ,МСИ I_PRODUCT (I_CATEGORY_4),True,90
61080200,4,61080000,МОРСЫ И КОМПОТЫ,МСИ I_PRODUCT (I_CATEGORY_4),False,4
61080300,4,61080000,СОКОСОДЕРЖАЩИЕ НАПИТКИ ПРОЧИЕ,МСИ I_PRODUCT (I_CATEGORY_4),False,19
61080400,4,61080000,ФРУКТОВЫЕ СМУЗИ,МСИ I_PRODUCT (I_CATEGORY_4),False,4
61090100,4,61090000,СИГАРЕТЫ,МСИ I_PRODUCT (I_CATEGORY_4),False,229
61090200,4,61090000,"СИГАРЫ, СИГАРИЛЛЫ, ТАБАК",МСИ I_PRODUCT (I_CATEGORY_4),False,1
61090300,4,61090000,ТАБАЧНЫЕ АКСЕССУАРЫ,МСИ I_PRODUCT (I_CATEGORY_4),False,9
61090400,4,61090000,,,False,6
61090600,4,61090000,СИГАРЕТЫ,МСИ I_PRODUCT (I_CATEGORY_4),True,54
61100100,4,61100000,НЕФИЛЬТРОВАННОЕ ИМП ПИВО,МСИ I_PRODUCT (I_CATEGORY_4),False,9
61100200,4,61100000,ПИВО ИМП АРОМАТИЗИРОВАННОЕ,МСИ I_PRODUCT (I_CATEGORY_4),False,2
61100300,4,61100000,ПИВО ИМП БЕЗАЛКОГОЛЬНОЕ,МСИ I_PRODUCT (I_CATEGORY_4),False,4
61100500,4,61100000,ПИВО ИМП СВЕТЛОЕ,МСИ I_PRODUCT (I_CATEGORY_4),False,30
61100600,4,61100000,ПИВО ИМП ТЕМНОЕ,МСИ I_PRODUCT (I_CATEGORY_4),False,4
61110100,4,61110000,ДРУГИЕ НЕГАЗИРОВАННЫЕ НАПИТКИ,МСИ I_PRODUCT (I_CATEGORY_4),True,10
61110200,4,61110000,ХОЛОДНЫЙ КОФЕ,МСИ I_PRODUCT (I_CATEGORY_4),True,4
61110300,4,61110000,ХОЛОДНЫЙ ЧАЙ И КОФЕЙНЫЕ НАПИТКИ,МСИ I_PRODUCT (I_CATEGORY_4),True,44
61110500,4,61110000,ГАЗИРОВАННЫЕ НАПИТКИ,МСИ I_PRODUCT (I_CATEGORY_4),True,102
61110600,4,61110000,КВАС И КВАСНЫЕ НАПИТКИ,МСИ I_PRODUCT (I_CATEGORY_4),True,16
61110700,4,61110000,КОЛА,МСИ I_PRODUCT (I_CATEGORY_4),False,45
61110800,4,61110000,ТОНИКИ,МСИ I_PRODUCT (I_CATEGORY_4),True,11
61110900,4,61110000,ЭНЕРГЕТИЧЕСКИЕ НАПИТКИ БЕЗАЛКОГОЛЬНЫЕ,МСИ I_PRODUCT (I_CATEGORY_4),True,109
62010100,4,62010000,БЛЮДА БЫСТРОГО ПРИГОТОВЛЕНИЯ,МСИ I_PRODUCT (I_CATEGORY_4),True,146
62010300,4,62010000,ДИЕТИЧЕСКОЕ ПИТАНИЕ,МСИ I_PRODUCT (I_CATEGORY_4),True,32
62010400,4,62010000,ГОТОВЫЕ ЗАВТРАКИ,МСИ I_PRODUCT (I_CATEGORY_4),True,74
62010600,4,62010000,ДИЕТИЧЕСКОЕ ПИТАНИЕ,МСИ I_PRODUCT (I_CATEGORY_4),True,85
62010700,4,62010000,"ДОБАВКИ КУЛИНАРНЫЕ, КОНДИТЕРСКИЕ",МСИ I_PRODUCT (I_CATEGORY_4),False,62
62012300,4,62010000,"СПЕЦИИ, ПРИПРАВЫ, ДОБАВКИ",МСИ I_PRODUCT (I_CATEGORY_4),True,92
62013100,4,62010000,"СОУСЫ, КЕТЧУП",МСИ I_PRODUCT (I_CATEGORY_4),False,148
62013200,4,62010000,БЛЮДА БЫСТРОГО ПРИГОТОВЛЕНИЯ,МСИ I_PRODUCT (I_CATEGORY_4),True,71
62020200,4,62020000,КРУПЫ,МСИ I_PRODUCT (I_CATEGORY_4),False,63
62020300,4,62020000,КРУПЫ В ВАРОЧНЫХ ПАКЕТАХ,МСИ I_PRODUCT (I_CATEGORY_4),False,30
62020400,4,62020000,МАКАРОННЫЕ ИЗДЕЛИЯ,МСИ I_PRODUCT (I_CATEGORY_4),True,107
62020500,4,62020000,"МАСЛА, ЖИРЫ",МСИ I_PRODUCT (I_CATEGORY_4),False,45
62020700,4,62020000,МУКА,МСИ I_PRODUCT (I_CATEGORY_4),False,24
62020800,4,62020000,САХАР,МСИ I_PRODUCT (I_CATEGORY_4),True,13
62020900,4,62020000,СОЛЬ,МСИ I_PRODUCT (I_CATEGORY_4),False,14
62021000,4,62020000,КАШИ И ХЛОПЬЯ,МСИ I_PRODUCT (I_CATEGORY_4),False,64
62030100,4,62030000,КАКАО,МСИ I_PRODUCT (I_CATEGORY_4),False,15
62030200,4,62030000,КОФЕ,МСИ I_PRODUCT (I_CATEGORY_4),False,185
62030300,4,62030000,ЧАЙ,МСИ I_PRODUCT (I_CATEGORY_4),False,245
62040100,4,62040000,МОЛОЧНАЯ КОНСЕРВАЦИЯ,МСИ I_PRODUCT (I_CATEGORY_4),False,11
62040200,4,62040000,МЯСНАЯ КОНСЕРВАЦИЯ,МСИ I_PRODUCT (I_CATEGORY_4),False,54
62040300,4,62040000,ОВОЩНАЯ КОНСЕРВАЦИЯ,МСИ I_PRODUCT (I_CATEGORY_4),False,144
62040400,4,62040000,РЫБНАЯ КОНСЕРВАЦИЯ,МСИ I_PRODUCT (I_CATEGORY_4),False,69
62040500,4,62040000,"ФРУКТОВО-ЯГОДНАЯ КОНСЕРВАЦИЯ, МЕД",МСИ I_PRODUCT (I_CATEGORY_4),False,16
62050100,4,62050000,КОНФЕТЫ В КОРОБКАХ,МСИ I_PRODUCT (I_CATEGORY_4),False,86
62050200,4,62050000,КОНФЕТЫ ВЕСОВЫЕ,МСИ I_PRODUCT (I_CATEGORY_4),False,124
62050400,4,62050000,КОНФЕТЫ ФАСОВАННЫЕ,МСИ I_PRODUCT (I_CATEGORY_4),True,95
62060200,4,62060000,ШОКОЛАД,МСИ I_PRODUCT (I_CATEGORY_4),False,195
62080100,4,62080000,ВАФЛИ,МСИ I_PRODUCT (I_CATEGORY_4),False,36
62080200,4,62080000,МУЧНЫЕ ИЗДЕЛИЯ,МСИ I_PRODUCT (I_CATEGORY_4),True,73
62080300,4,62080000,ПЕЧЕНЬЕ,МСИ I_PRODUCT (I_CATEGORY_4),False,199
62080500,4,62080000,"ТОРТЫ, ПИРОЖНЫЕ ДЛИТЕЛЬНОГО ХРАНЕНИЯ",МСИ I_PRODUCT (I_CATEGORY_4),True,39
62090100,4,62090000,ОРЕХИ,МСИ I_PRODUCT (I_CATEGORY_4),True,46
62090200,4,62090000,СУХОФРУКТЫ,МСИ I_PRODUCT (I_CATEGORY_4),False,20
62090300,4,62090000,СЕМЕЧКИ,МСИ I_PRODUCT (I_CATEGORY_4),False,36
62090500,4,62090000,ЯГОДЫ СУШЕНЫЕ,МСИ I_PRODUCT (I_CATEGORY_4),False,2
62110100,4,62110000,ЖЕВАТЕЛЬНАЯ РЕЗИНКА (П),МСИ I_PRODUCT (I_CATEGORY_4),False,68
62110200,4,62110000,КОНФЕТЫ ВЕСОВЫЕ (ФАСОВАННЫЕ),МСИ I_PRODUCT (I_CATEGORY_4),True,270
62110300,4,62110000,МУЧНЫЕ КОНДИТЕРСКИЕ ИЗДЕЛИЯ (П),МСИ I_PRODUCT (I_CATEGORY_4),False,15
62110400,4,62110000,ШОКОЛАД (П),МСИ I_PRODUCT (I_CATEGORY_4),True,110
62110500,4,62110000,КОФЕ (П),МСИ I_PRODUCT (I_CATEGORY_4),False,30
62110600,4,62110000,ДИЕТИЧЕСКОЕ ПИТАНИЕ,МСИ I_PRODUCT (I_CATEGORY_4),False,1
62120100,4,62120000,СЛАДОСТИ,МСИ I_PRODUCT (I_CATEGORY_4),False,64
62120200,4,62120000,"ФРУКТОВО-ЯГОДНАЯ КОНСЕРВАЦИЯ, МЕД",МСИ I_PRODUCT (I_CATEGORY_4),True,32
62130100,4,62130000,СНЭКИ,МСИ I_PRODUCT (I_CATEGORY_4),False,175
63010200,4,63010000,ОСВЕЖИТЕЛИ,МСИ I_PRODUCT (I_CATEGORY_4),False,55
63010300,4,63010000,СРЕДСТВА ДЛЯ СТИРКИ,МСИ I_PRODUCT (I_CATEGORY_4),False,214
63010500,4,63010000,ЧИСТЯЩИЕ СРЕДСТВА,МСИ I_PRODUCT (I_CATEGORY_4),False,218
63020200,4,63020000,ИНТИМНАЯ ГИГИЕНА,МСИ I_PRODUCT (I_CATEGORY_4),False,76
63020300,4,63020000,БУМАЖНАЯ ПРОДУКЦИЯ,МСИ I_PRODUCT (I_CATEGORY_4),False,78
63020400,4,63020000,ВАТНО-ВЛАЖНАЯ ПРОДУКЦИЯ,МСИ I_PRODUCT (I_CATEGORY_4),False,29
63020500,4,63020000,МЕДИЦИНСКАЯ ГИГИЕНА,МСИ I_PRODUCT (I_CATEGORY_4),False,6
63030100,4,63030000,ДЕКОРАТИВНАЯ КОСМЕТИКА,МСИ I_PRODUCT (I_CATEGORY_4),False,9
63030400,4,63030000,ПОДАРОЧНЫЕ НАБОРЫ,МСИ I_PRODUCT (I_CATEGORY_4),True,60
63030500,4,63030000,СРЕДСТВА БРИТЬЯ И ДЕПИЛЯЦИИ,МСИ I_PRODUCT (I_CATEGORY_4),False,49
63030600,4,63030000,СРЕДСТВА УХОДА ЗА ЛИЦОМ И ТЕЛОМ,МСИ I_PRODUCT (I_CATEGORY_4),False,157
63030700,4,63030000,УХОД ЗА ВОЛОСАМИ,МСИ I_PRODUCT (I_CATEGORY_4),False,154
63030800,4,63030000,УХОД ЗА ПОЛОСТЬЮ РТА,МСИ I_PRODUCT (I_CATEGORY_4),False,167
63030900,4,63030000,СРЕДСТВА ДЛЯ ВАНН И ДУША,МСИ I_PRODUCT (I_CATEGORY_4),False,153
63040400,4,63040000,ДЕТСКАЯ ГИГИЕНА,МСИ I_PRODUCT (I_CATEGORY_4),True,49
63040500,4,63040000,СРЕДСТВА ДЛЯ НОВОРОЖДЁННЫХ,МСИ I_PRODUCT (I_CATEGORY_4),True,41
63050100,4,63050000,АКСЕССУАРЫ ДЛЯ ЖИВОТНЫХ,МСИ I_PRODUCT (I_CATEGORY_4),False,12
63050200,4,63050000,КОРМА ДЛЯ ЖИВОТНЫХ,МСИ I_PRODUCT (I_CATEGORY_4),False,263
63050300,4,63050000,УХОД ЗА ПИТОМЦАМИ,МСИ I_PRODUCT (I_CATEGORY_4),False,17
63060100,4,63060000,КОНТРАЦЕПТИВЫ,МСИ I_PRODUCT (I_CATEGORY_4),False,7
63060300,4,63060000,МЕДИЦИНСКИЕ СР-ВА,МСИ I_PRODUCT (I_CATEGORY_4),False,7
64020100,4,64020000,,,False,3
64020700,4,64020000,,,False,4
64021000,4,64020000,ТОВАРЫ ДЛЯ УБОРКИ,МСИ I_PRODUCT (I_CATEGORY_4),True,76
64021100,4,64020000,ТОВАРЫ ДЛЯ ПРИГОТОВЛЕНИЯ И ХРАНЕНИЯ ПРОДУКТОВ,МСИ I_PRODUCT (I_CATEGORY_4),False,31
64021200,4,64020000,ИНСЕКТИЦИДЫ И РЕПЕЛЛЕНТЫ,МСИ I_PRODUCT (I_CATEGORY_4),False,8
64021300,4,64020000,СРЕДСТВА ДЛЯ УХОДА ЗА ОБУВЬЮ И ОДЕЖДОЙ,МСИ I_PRODUCT (I_CATEGORY_4),False,19
64021400,4,64020000,ТОВАРЫ ДЛЯ ПРИГОТОВЛЕНИЯ И ХРАНЕНИЯ ПРОДУКТОВ,МСИ I_PRODUCT (I_CATEGORY_4),True,8
64030300,4,64030000,,,False,1
64030500,4,64030000,"КУХНЯ, ВАННАЯ КОМНАТА",МСИ I_PRODUCT (I_CATEGORY_4),False,4
64040100,4,64040000,БУМАЖНО-БЕЛОВАЯ ПРОДУКЦИЯ,МСИ I_PRODUCT (I_CATEGORY_4),False,30
64040200,4,64040000,ОФИСНЫЕ ПРИНАДЛЕЖНОСТИ,МСИ I_PRODUCT (I_CATEGORY_4),False,69
64040300,4,64040000,ТОВАРЫ ДЛЯ ТВОРЧЕСТВА,МСИ I_PRODUCT (I_CATEGORY_4),False,26
64040400,4,64040000,ПИШУЩИЕ ПРИНАДЛЕЖНОСТИ,МСИ I_PRODUCT (I_CATEGORY_4),False,34
64050100,4,64050000,ОБУВЬ МУЖСКАЯ,МСИ I_PRODUCT (I_CATEGORY_4),False,11
64050200,4,64050000,ОБУВЬ ЖЕНСКАЯ,МСИ I_PRODUCT (I_CATEGORY_4),False,15
64060200,4,64060000,,,False,4
64060500,4,64060000,ДЕТСКАЯ ОДЕЖДА,МСИ I_PRODUCT (I_CATEGORY_4),False,2
64070100,4,64070000,ГАЗЕТЫ,МСИ I_PRODUCT (I_CATEGORY_4),False,26
64070200,4,64070000,ЖУРНАЛЫ,МСИ I_PRODUCT (I_CATEGORY_4),False,128
64070300,4,64070000,КНИГИ,МСИ I_PRODUCT (I_CATEGORY_4),False,19
64070400,4,64070000,"ОТКРЫТКИ, КАЛЕНДАРИ",МСИ I_PRODUCT (I_CATEGORY_4),False,16
64070500,4,64070000,,,False,1
64080100,4,64080000,КУХОННАЯ УТВАРЬ,МСИ I_PRODUCT (I_CATEGORY_4),False,16
64080200,4,64080000,,,False,3
64080300,4,64080000,ПОСУДА ДЛЯ ХРАНЕНИЯ,МСИ I_PRODUCT (I_CATEGORY_4),False,10
64080400,4,64080000,ПОСУДА ОДНОРАЗОВАЯ,МСИ I_PRODUCT (I_CATEGORY_4),False,20
64080500,4,64080000,ПОСУДА СТОЛОВАЯ,МСИ I_PRODUCT (I_CATEGORY_4),False,13
64080600,4,64080000,ПОСУДА ПЛАСТИКОВАЯ,МСИ I_PRODUCT (I_CATEGORY_4),False,5
64090300,4,64090000,ПИКНИК,МСИ I_PRODUCT (I_CATEGORY_4),False,28
64090400,4,64090000,САД,МСИ I_PRODUCT (I_CATEGORY_4),False,106
64090700,4,64090000,НОВЫЙ ГОД,МСИ I_PRODUCT (I_CATEGORY_4),True,231
64090800,4,64090000,ПАСХА,МСИ I_PRODUCT (I_CATEGORY_4),True,109
64091000,4,64090000,ТОВАРЫ ДЛЯ ПРАЗДНИКОВ,МСИ I_PRODUCT (I_CATEGORY_4),False,120
64091200,4,64090000,ТОВАРЫ ДЛЯ КОНСЕРВАЦИИ,МСИ I_PRODUCT (I_CATEGORY_4),False,9
64100100,4,64100000,АВТОМОБИЛЬНАЯ ПРОДУКЦИЯ,МСИ I_PRODUCT (I_CATEGORY_4),False,4
64100600,4,64100000,ОСВЕЩЕНИЕ,МСИ I_PRODUCT (I_CATEGORY_4),False,5
64100900,4,64100000,,,False,1
64101000,4,64100000,ЭЛЕМЕНТЫ ПИТАНИЯ,МСИ I_PRODUCT (I_CATEGORY_4),False,15
64130300,4,64130000,КОММУНИКАЦИЯ,МСИ I_PRODUCT (I_CATEGORY_4),False,14
64130400,4,64130000,,,False,1
64150100,4,64150000,ИГРУШКИ ДЛЯ АКТИВНОГО ОТДЫХА,МСИ I_PRODUCT (I_CATEGORY_4),False,173
64150200,4,64150000,ИГРУШКИ МЯГКИЕ,МСИ I_PRODUCT (I_CATEGORY_4),False,42
64150300,4,64150000,ИГРУШКИ РАЗВИВАЮЩИЕ,МСИ I_PRODUCT (I_CATEGORY_4),False,189
64150400,4,64150000,ИГРУШКИ ТРАНСПОРТНЫЕ,МСИ I_PRODUCT (I_CATEGORY_4),True,45
64150500,4,64150000,КОНСТРУКТОРЫ,МСИ I_PRODUCT (I_CATEGORY_4),False,21
64150600,4,64150000,"КУКЛЫ, АКСЕССУАРЫ",МСИ I_PRODUCT (I_CATEGORY_4),False,21
64160200,4,64160000,ИНСТРУМЕНТЫ,МСИ I_PRODUCT (I_CATEGORY_4),False,5
64160400,4,64160000,,,False,2
64180100,4,64180000,АКСЕССУАРЫ,МСИ I_PRODUCT (I_CATEGORY_4),True,17
64180200,4,64180000,,,False,2
64180300,4,64180000,КОЖГАЛАНТЕРЕЯ,МСИ I_PRODUCT (I_CATEGORY_4),False,1
64190100,4,64190000,ЧУЛОЧНО-НОСОЧНЫЕ ИЗДЕЛИЯ ОДЕЖДА,МСИ I_PRODUCT (I_CATEGORY_4),False,155
64190200,4,64190000,ЧУЛОЧНО-НОСОЧНЫЕ ИЗДЕЛИЯ ДЛЯ ДЕТЕЙ 2-12 ЛЕТ,МСИ I_PRODUCT (I_CATEGORY_4),False,30
65010900,4,65010000,ЗАВТРАК,МСИ I_PRODUCT (I_CATEGORY_4),True,25
65011000,4,65010000,НАПИТКИ,МСИ I_PRODUCT (I_CATEGORY_4),False,2
65011100,4,65010000,ОСНОВНЫЕ БЛЮДА,МСИ I_PRODUCT (I_CATEGORY_4),True,71
65011200,4,65010000,ПЕРВЫЕ БЛЮДА,МСИ I_PRODUCT (I_CATEGORY_4),False,10
65011300,4,65010000,ПЕРЕКУСЫ,МСИ I_PRODUCT (I_CATEGORY_4),True,32
65011400,4,65010000,"САЛАТЫ, ЗАКУСКИ",МСИ I_PRODUCT (I_CATEGORY_4),True,37
65011500,4,65010000,"СУШИ,РОЛЛЫ,ОНИГИРИ",МСИ I_PRODUCT (I_CATEGORY_4),False,13
65011600,4,65010000,ДЕСЕРТЫ,МСИ I_PRODUCT (I_CATEGORY_4),False,3
65020100,4,65020000,ДЕЛИКАТЕСЫ,МСИ I_PRODUCT (I_CATEGORY_4),False,100
65020200,4,65020000,КОЛБАСЫ,МСИ I_PRODUCT (I_CATEGORY_4),False,180
65020300,4,65020000,"СОСИСКИ, САРДЕЛЬКИ",МСИ I_PRODUCT (I_CATEGORY_4),False,70
65120200,4,65120000,"ГОВЯДИНА, ТЕЛЯТИНА",МСИ I_PRODUCT (I_CATEGORY_4),False,8
65120400,4,65120000,СВИНИНА,МСИ I_PRODUCT (I_CATEGORY_4),False,17
65120500,4,65120000,СУБПРОДУКТЫ МЯСНЫЕ,МСИ I_PRODUCT (I_CATEGORY_4),True,4
65120600,4,65120000,П/Ф НАТУРАЛЬНЫЕ ИЗ МЯСА ИНД,МСИ I_PRODUCT (I_CATEGORY_4),False,11
65120700,4,65120000,П/Ф РУБЛЕНЫЕ ИЗ МЯСА ИНД,МСИ I_PRODUCT (I_CATEGORY_4),False,27
65150100,4,65150000,КУРИЦА,МСИ I_PRODUCT (I_CATEGORY_4),False,26
65150200,4,65150000,ПРОЧАЯ ПТИЦА,МСИ I_PRODUCT (I_CATEGORY_4),False,13
65150300,4,65150000,СУБПРОДУКТЫ ИЗ ПТИЦЫ,МСИ I_PRODUCT (I_CATEGORY_4),True,8
65150400,4,65150000,П/Ф НАТУРАЛЬНЫЕ ИЗ ПТИЦЫ ИНД,МСИ I_PRODUCT (I_CATEGORY_4),False,7
65150500,4,65150000,П/Ф РУБЛЕНЫЕ ИЗ ПТИЦЫ ИНД,МСИ I_PRODUCT (I_CATEGORY_4),False,15
65160100,4,65160000,ЯЙЦА,МСИ I_PRODUCT (I_CATEGORY_4),False,29
65170100,4,65170000,"ПИРОГИ, ТОРТЫ ИНД",МСИ I_PRODUCT (I_CATEGORY_4),True,55
65170200,4,65170000,ПИРОЖНЫЕ ИНД,МСИ I_PRODUCT (I_CATEGORY_4),False,60
65180100,4,65180000,ВЫПЕЧКА ИНДУСТРИАЛЬНАЯ,МСИ I_PRODUCT (I_CATEGORY_4),False,308
65180200,4,65180000,ВЫПЕЧКА СВЕЖЕИСПЕЧЕННАЯ,МСИ I_PRODUCT (I_CATEGORY_4),False,7
65180300,4,65180000,ХЛЕБ СВЕЖЕИСПЕЧЕННЫЙ,МСИ I_PRODUCT (I_CATEGORY_4),False,69
65180400,4,65180000,,,False,1
65180500,4,65180000,ХЛЕБ ИНД,МСИ I_PRODUCT (I_CATEGORY_4),False,574
65180600,4,65180000,ДИЕТИЧЕСКОЕ ПИТАНИЕ,МСИ I_PRODUCT (I_CATEGORY_4),False,28
66010500,4,66010000,МОРЕПРОДУКТЫ ЗАМ,МСИ I_PRODUCT (I_CATEGORY_4),False,16
66010600,4,66010000,РЫБА ЗАМ ТУШКА,МСИ I_PRODUCT (I_CATEGORY_4),False,7
66010700,4,66010000,РЫБНЫЕ ПОЛУФАБРИКАТЫ ЗАМ,МСИ I_PRODUCT (I_CATEGORY_4),False,19
66010800,4,66010000,"РЫБА ЗАМ ФИЛЕ, СТЕЙК",МСИ I_PRODUCT (I_CATEGORY_4),False,21
66020600,4,66020000,КОМПОНЕНТЫ ДЛЯ БЛЮД ЗАМ,МСИ I_PRODUCT (I_CATEGORY_4),False,46
66020700,4,66020000,БЛЮДА ИНД ЗАМ,МСИ I_PRODUCT (I_CATEGORY_4),False,135
66020800,4,66020000,МОРОЖЕНОЕ И ДЕСЕРТЫ,МСИ I_PRODUCT (I_CATEGORY_4),False,167
66030300,4,66030000,ПИТЬЕВЫЕ ЙОГУРТЫ И ДЕСЕРТЫ,МСИ I_PRODUCT (I_CATEGORY_4),True,117
66030400,4,66030000,КИСЛОМОЛОЧНЫЕ ПРОДУКТЫ,МСИ I_PRODUCT (I_CATEGORY_4),False,126
66030500,4,66030000,КРЕМ И СЛИВКИ,МСИ I_PRODUCT (I_CATEGORY_4),False,30
66030700,4,66030000,МОЛОКО,МСИ I_PRODUCT (I_CATEGORY_4),False,114
66031100,4,66030000,СМЕТАНА,МСИ I_PRODUCT (I_CATEGORY_4),False,71
66031200,4,66030000,СНЕКОВАЯ МОЛОЧНАЯ ПРОДУКЦИЯ,МСИ I_PRODUCT (I_CATEGORY_4),False,65
66031400,4,66030000,ТВОРОЖНЫЕ ИЗДЕЛИЯ,МСИ I_PRODUCT (I_CATEGORY_4),False,110
66031500,4,66030000,"МАСЛО СЛИВОЧНОЕ, МАРГАРИН, СПРЕД",МСИ I_PRODUCT (I_CATEGORY_4),False,31
66031600,4,66030000,РАСТИТЕЛЬНЫЕ ПРОДУКТЫ,МСИ I_PRODUCT (I_CATEGORY_4),True,49
66031700,4,66030000,ЛОЖКОВЫЕ ЙОГУРТЫ И ДЕСЕРТЫ,МСИ I_PRODUCT (I_CATEGORY_4),True,150
66040100,4,66040000,ИКРА РЫБНАЯ,МСИ I_PRODUCT (I_CATEGORY_4),False,20
66040200,4,66040000,"ПАШТЕТЫ, ПАСТЫ, МАСЛА РЫБНЫЕ",МСИ I_PRODUCT (I_CATEGORY_4),False,12
66040300,4,66040000,ПРЕСЕРВЫ,МСИ I_PRODUCT (I_CATEGORY_4),False,41
66040500,4,66040000,САЛАТЫ И ЗАКУСКИ,МСИ I_PRODUCT (I_CATEGORY_4),True,11
66040600,4,66040000,СУРИМИ,МСИ I_PRODUCT (I_CATEGORY_4),False,19
66040900,4,66040000,РЫБНЫЕ ДЕЛИКАТЕСЫ ИНД,МСИ I_PRODUCT (I_CATEGORY_4),False,24
66050100,4,66050000,СЫР,МСИ I_PRODUCT (I_CATEGORY_4),True,20
66050200,4,66050000,СЫР ПЛАВЛЕНЫЙ,МСИ I_PRODUCT (I_CATEGORY_4),True,52
66050300,4,66050000,СЫР РАССОЛЬНЫЙ,МСИ I_PRODUCT (I_CATEGORY_4),True,39
66050400,4,66050000,СЫР,МСИ I_PRODUCT (I_CATEGORY_4),True,70
66050500,4,66050000,СЫР,МСИ I_PRODUCT (I_CATEGORY_4),True,45
66050600,4,66050000,СЫР ТЕРТЫЙ,МСИ I_PRODUCT (I_CATEGORY_4),True,11
66050700,4,66050000,СЫРНАЯ НАРЕЗКА,МСИ I_PRODUCT (I_CATEGORY_4),True,30
66060100,4,66060000,МАЙОНЕЗ,МСИ I_PRODUCT (I_CATEGORY_4),False,44
66070100,4,66070000,ДЕТСКОЕ ПИТАНИЕ ПРОЧЕЕ,МСИ I_PRODUCT (I_CATEGORY_4),False,53
66070200,4,66070000,ЗАМЕНИТЕЛИ ГРУДНОГО МОЛОКА,МСИ I_PRODUCT (I_CATEGORY_4),False,6
66070300,4,66070000,КАШИ ДЕТСКИЕ,МСИ I_PRODUCT (I_CATEGORY_4),False,34
66070400,4,66070000,НАПИТКИ ДЕТСКИЕ,МСИ I_PRODUCT (I_CATEGORY_4),False,81
66070500,4,66070000,ПЮРЕ ДЕТСКИЕ,МСИ I_PRODUCT (I_CATEGORY_4),False,113
66070600,4,66070000,ДЕТСКОЕ МОЛОЧНОЕ ДОШКОЛЬНОЕ ПИТАНИЕ,МСИ I_PRODUCT (I_CATEGORY_4),True,58
68010500,4,68010000,"СОКИ, НАПИТКИ СП",МСИ I_PRODUCT (I_CATEGORY_4),False,10
68050100,4,68050000,ВЫПЕЧКА СП,МСИ I_PRODUCT (I_CATEGORY_4),False,43
68050200,4,68050000,ДЕФРОСТ,МСИ I_PRODUCT (I_CATEGORY_4),True,30
68050400,4,68050000,ХЛЕБ СП,МСИ I_PRODUCT (I_CATEGORY_4),False,12
68050500,4,68050000,"ПИЦЦА, ПИРОГИ, ХАЧАПУРИ СП",МСИ I_PRODUCT (I_CATEGORY_4),False,8
69020900,4,69020000,,,False,4
69021000,4,69020000,,,False,1
69030200,4,69030000,,,False,11
69030500,4,69030000,,,False,1
69040200,4,69040000,,,False,2
69040300,4,69040000,,,False,1
69040400,4,69040000,,,False,2
69060200,4,69060000,,,False,1
69070300,4,69070000,КНИГИ (К),МСИ I_PRODUCT (I_CATEGORY_4),False,30
69070400,4,69070000,,,False,2
69080100,4,69080000,,,False,3
69080300,4,69080000,,,False,2
69080500,4,69080000,,,False,1
69090400,4,69090000,САД (К),МСИ I_PRODUCT (I_CATEGORY_4),False,23
69090500,4,69090000,,,False,1
69090700,4,69090000,,,False,45
69090800,4,69090000,,,False,6
69091000,4,69090000,,,False,24
69091100,4,69090000,,,False,1
69091200,4,69090000,,,False,2
69130300,4,69130000,,,False,1
69170100,4,69170000,,,False,12
69170300,4,69170000,ИГРУШКИ РАЗВИВАЮЩИЕ (К),МСИ I_PRODUCT (I_CATEGORY_4),False,10
69170400,4,69170000,,,False,2
69170600,4,69170000,,,False,1
69180100,4,69180000,,,False,2
69180300,4,69180000,,,False,2
69190100,4,69190000,,,False,14
71010100,4,71010000,АКЦИИ ЛОЯЛЬНОСТИ,МСИ I_PRODUCT (I_CATEGORY_4),False,22
71010200,4,71010000,ДИСКОНТНЫЕ КАРТЫ,МСИ I_PRODUCT (I_CATEGORY_4),False,1
72010100,4,72010000,,,False,2
1050100100060,5,1050100100000,СИЗ,МСИ I_PRODUCT_SCORE,False,1
60010101,5,60010100,КАПУСТА БЕЛО- И КРАСНОКОЧАННАЯ,МСИ I_PRODUCT_SCORE,False,2
60010102,5,60010100,"ЦВЕТНАЯ, БРОККОЛИ, КОЛЬРАБИ И ДР",МСИ I_PRODUCT_SCORE,False,2
60010301,5,60010300,КУКУРУЗА ВАРЕНАЯ,МСИ I_PRODUCT_SCORE,False,2
60010302,5,60010300,СВЕКЛА ВАРЕНАЯ,МСИ I_PRODUCT_SCORE,False,2
60010303,5,60010300,ПРОЧИЕ ОВОЩИ ВАРЕНЫЕ,МСИ I_PRODUCT_SCORE,False,3
60010401,5,60010400,ТОМАТЫ,МСИ I_PRODUCT_SCORE,True,4
60010402,5,60010400,ТОМАТЫ БАКИНСКИЕ,МСИ I_PRODUCT_SCORE,False,1
60010404,5,60010400,ТОМАТЫ РОЗОВЫЕ,МСИ I_PRODUCT_SCORE,False,3
60010405,5,60010400,ТОМАТЫ СЛИВОВИДНЫЕ,МСИ I_PRODUCT_SCORE,False,5
60010406,5,60010400,ТОМАТЫ ЧЕРРИ,МСИ I_PRODUCT_SCORE,False,13
60010501,5,60010500,ТЫКВА,МСИ I_PRODUCT_SCORE,False,1
60010601,5,60010600,ОГУРЦЫ ДЛИНОПЛОДНЫЕ,МСИ I_PRODUCT_SCORE,False,1
60010602,5,60010600,ОГУРЦЫ КОРОТКОПЛОДНЫЕ,МСИ I_PRODUCT_SCORE,False,4
60010603,5,60010600,ОГУРЦЫ СРЕДНЕПЛОДНЫЕ,МСИ I_PRODUCT_SCORE,False,3
60010701,5,60010700,ПЕРЕЦ КРАСНЫЙ,МСИ I_PRODUCT_SCORE,False,1
60010702,5,60010700,ПЕРЕЦ ПРОЧИЙ,МСИ I_PRODUCT_SCORE,False,7
60010803,5,60010800,СПАРЖА,МСИ I_MISSION,False,1
60011001,5,60011000,БАКЛАЖАН,МСИ I_PRODUCT_SCORE,False,1
60011002,5,60011000,КАБАЧКИ,МСИ I_PRODUCT_SCORE,False,1
60011101,5,60011100,ИМБИРЬ,МСИ I_PRODUCT_SCORE,False,1
60011201,5,60011200,КАРТОФЕЛЬ,МСИ I_PRODUCT_SCORE,False,8
60011202,5,60011200,КАРТОФЕЛЬ,МСИ I_PRODUCT_SCORE,True,1
60011401,5,60011400,МОРКОВЬ,МСИ I_PRODUCT_SCORE,False,3
60011501,5,60011500,РЕДИС,МСИ I_PRODUCT_SCORE,False,1
60011701,5,60011700,РЕПЧАТЫЙ ЛУК,МСИ I_PRODUCT_SCORE,False,5
60011801,5,60011800,СВЕКЛА,МСИ I_PRODUCT_SCORE,False,3
60011901,5,60011900,ЧЕСНОК,МСИ I_PRODUCT_SCORE,False,3
60012001,5,60012000,СОЛЕНЬЯ ИНД,МСИ I_PRODUCT_SCORE,False,14
60012002,5,60012000,САЛАТЫ КОРЕЙСКОЙ КУХНИ ИНД,МСИ I_PRODUCT_SCORE,False,8
60020201,5,60020200,БАНАНЫ,МСИ I_PRODUCT_SCORE,False,1
60020301,5,60020300,"ГОЛУБИКА, ЧЕРНИКА",МСИ I_PRODUCT_SCORE,False,3
60020304,5,60020300,КЛУБНИКА,МСИ I_PRODUCT_SCORE,False,2
60020601,5,60020600,ВИНОГРАД,МСИ I_PRODUCT_SCORE,False,8
60021101,5,60021100,АБРИКОСЫ,МСИ I_PRODUCT_SCORE,False,1
60021201,5,60021200,АПЕЛЬСИНЫ,МСИ I_PRODUCT_SCORE,False,2
60021301,5,60021300,АРБУЗ,МСИ I_PRODUCT_SCORE,False,2
60021401,5,60021400,ГРЕЙПФРУТ,МСИ I_PRODUCT_SCORE,False,1
60021402,5,60021400,ПОМЕЛО,МСИ I_MISSION,False,1
60021403,5,60021400,СВИТИ,МСИ I_MISSION,False,1
60021501,5,60021500,ГРУШИ,МСИ I_PRODUCT_SCORE,False,4
60021601,5,60021600,ДЫНЯ,МСИ I_PRODUCT_SCORE,False,1
60021701,5,60021700,ЛАЙМ,МСИ I_PRODUCT_SCORE,False,1
60021702,5,60021700,ЛИМОН,МСИ I_PRODUCT_SCORE,False,2
60021801,5,60021800,МАНДАРИН,МСИ I_PRODUCT_SCORE,False,4
60021901,5,60021900,НЕКТАРИНЫ,МСИ I_PRODUCT_SCORE,False,2
60022001,5,60022000,ПЕРСИКИ,МСИ I_PRODUCT_SCORE,False,2
60022101,5,60022100,СЛИВА,МСИ I_PRODUCT_SCORE,False,2
60022202,5,60022200,ЧЕРЕШНЯ,МСИ I_PRODUCT_SCORE,False,1
60022302,5,60022300,ЯБЛОКИ,МСИ I_PRODUCT_SCORE,False,11
60030101,5,60030100,АВОКАДО,МСИ I_PRODUCT_SCORE,False,4
60030201,5,60030200,АНАНАС,МСИ I_PRODUCT_SCORE,False,1
60030301,5,60030300,ДРУГИЕ ЭКЗОТИЧЕСКИЕ ФРУКТЫ,МСИ I_MISSION,False,4
60030501,5,60030500,КИВИ,МСИ I_PRODUCT_SCORE,False,3
60030601,5,60030600,КОКОС,МСИ I_MISSION,False,1
60030801,5,60030800,ЛИЧИ,МСИ I_PRODUCT_SCORE,False,1
60030901,5,60030900,МАНГО,МСИ I_PRODUCT_SCORE,False,3
60031001,5,60031000,ПАПАЙЯ,МСИ I_MISSION,False,1
60031401,5,60031400,ИНЖИР,МСИ I_PRODUCT_SCORE,False,1
60040101,5,60040100,ВЕШЕНКИ,МСИ I_PRODUCT_SCORE,False,1
60040102,5,60040100,ШАМПИНЬОНЫ,МСИ I_MISSION,True,1
60040103,5,60040100,ШАМПИНЬОНЫ,МСИ I_PRODUCT_SCORE,False,6
60050101,5,60050100,АССОРТИ ИЗ ЗЕЛЕНИ,МСИ I_PRODUCT_SCORE,False,5
60050102,5,60050100,ЗЕЛЕНЫЙ ЛУК,МСИ I_PRODUCT_SCORE,False,3
60050103,5,60050100,ЗЕЛЕНЬ ПРОЧАЯ,МСИ I_PRODUCT_SCORE,False,2
60050104,5,60050100,КИНЗА,МСИ I_MISSION,False,1
60050105,5,60050100,ПЕТРУШКА,МСИ I_PRODUCT_SCORE,False,1
60050107,5,60050100,РУККОЛА,МСИ I_PRODUCT_SCORE,False,2
60050108,5,60050100,САЛАТЫ В ГОРШКАХ,МСИ I_PRODUCT_SCORE,False,1
60050109,5,60050100,САЛАТЫ ФАСОВАННЫЕ,МСИ I_PRODUCT_SCORE,False,6
60050111,5,60050100,УКРОП,МСИ I_PRODUCT_SCORE,False,3
60050201,5,60050200,АЙСБЕРГ,МСИ I_PRODUCT_SCORE,False,1
60050202,5,60050200,КИТАЙСКАЯ КАПУСТА,МСИ I_PRODUCT_SCORE,False,1
60050203,5,60050200,СЕЛЬДЕРЕЙ,МСИ I_PRODUCT_SCORE,False,1
60060101,5,60060100,БУКЕТ,МСИ I_MISSION,False,1
60060201,5,60060200,ГОРШКИ,МСИ I_PRODUCT_SCORE,False,9
60060301,5,60060300,САЖЕНЦЫ ЦВЕТОВ,МСИ I_MISSION,False,3
60070101,5,60070100,ГРЕЦКИЙ ВЕС,МСИ I_PRODUCT_SCORE,True,3
60070102,5,60070100,ГРЕЦКИЙ ВЕС,МСИ I_PRODUCT_SCORE,True,1
60070103,5,60070100,МИНДАЛЬ ВЕС,МСИ I_PRODUCT_SCORE,False,2
60070104,5,60070100,ОРЕХИ ВЕС ПРОЧИЕ,МСИ I_PRODUCT_SCORE,True,3
60070105,5,60070100,ОРЕХИ ВЕС ПРОЧИЕ,МСИ I_PRODUCT_SCORE,True,1
60070106,5,60070100,ОРЕХИ ВЕС ПРОЧИЕ,МСИ I_PRODUCT_SCORE,True,2
60070107,5,60070100,ОРЕХИ ВЕС ПРОЧИЕ,МСИ I_PRODUCT_SCORE,False,3
60070108,5,60070100,ФИСТАШКА ВЕС,МСИ I_PRODUCT_SCORE,True,2
60070109,5,60070100,ФУНДУК ВЕС,МСИ I_PRODUCT_SCORE,False,2
60070110,5,60070100,ФУНДУК ВЕС,МСИ I_PRODUCT_SCORE,True,1
60070112,5,60070100,ДРУГИЕ ЭКЗОТИЧЕСКИЕ ФРУКТЫ,МСИ I_PRODUCT_SCORE,True,1
60070201,5,60070200,ИЗЮМ ВЕС,МСИ I_PRODUCT_SCORE,False,2
60070202,5,60070200,КУРАГА ВЕС,МСИ I_PRODUCT_SCORE,False,2
60070203,5,60070200,ОРЕХОВО-ФРУКТОВЫЕ СМЕСИ ВЕС,МСИ I_PRODUCT_SCORE,True,2
60070204,5,60070200,СУХОФРУКТЫ ПРОЧИЕ ВЕС,МСИ I_PRODUCT_SCORE,True,1
60070206,5,60070200,ЧЕРНОСЛИВ ВЕС,МСИ I_PRODUCT_SCORE,False,2
60070207,5,60070200,ДРУГИЕ ЭКЗОТИЧЕСКИЕ ФРУКТЫ,МСИ I_PRODUCT_SCORE,True,4
60070208,5,60070200,ДРУГИЕ ЭКЗОТИЧЕСКИЕ ФРУКТЫ,МСИ I_PRODUCT_SCORE,True,3
61010101,5,61010100,ВИНА БЕЗАЛКОГОЛЬНЫЕ,МСИ I_PRODUCT_SCORE,False,10
61010301,5,61010300,КАГОР,МСИ I_PRODUCT_SCORE,False,9
61010302,5,61010300,ПОРТВЕЙН,МСИ I_PRODUCT_SCORE,False,5
61010304,5,61010300,ХЕРЕС,МСИ I_PRODUCT_SCORE,False,1
61010306,5,61010300,ВИНА ДЕСЕРТНЫЕ,МСИ I_PRODUCT_SCORE,False,3
61010401,5,61010400,ВИНА ПЛОДОВЫЕ ТЕТРАПАК,МСИ I_PRODUCT_SCORE,False,4
61010402,5,61010400,ВИНА ПЛОДОВЫЕ ФРУКТОВЫЕ,МСИ I_PRODUCT_SCORE,False,5
61010601,5,61010600,АСТИ,МСИ I_PRODUCT_SCORE,False,5
61010602,5,61010600,КАВА,МСИ I_PRODUCT_SCORE,False,6
61010603,5,61010600,ЛАМБРУСКО,МСИ I_PRODUCT_SCORE,False,3
61010604,5,61010600,НАПИТКИ ВИННЫЕ ИМП.,МСИ I_PRODUCT_SCORE,False,5
61010605,5,61010600,ПРОСЕККО,МСИ I_PRODUCT_SCORE,False,16
61010606,5,61010600,ШАМПАНСКОЕ,МСИ I_MISSION,False,1
61010607,5,61010600,ИГРИСТЫЕ ВИНА ИМП. ДРУГИЕ,МСИ I_PRODUCT_SCORE,False,11
61010608,5,61010600,НАПИТКИ ВИННЫЕ ИМП.,МСИ I_PRODUCT_SCORE,True,3
61010701,5,61010700,ИГРИСТЫЕ ВИНА ОТЕЧ.,МСИ I_PRODUCT_SCORE,False,55
61010702,5,61010700,НАПИТКИ ВИННЫЕ ОТЕЧ.,МСИ I_PRODUCT_SCORE,False,10
61010703,5,61010700,НАПИТКИ ВИННЫЕ ОТЕЧ.,МСИ I_PRODUCT_SCORE,True,19
61010801,5,61010800,ВИНА ТИХИЕ КР. АБХАЗИИ,МСИ I_PRODUCT_SCORE,False,5
61010802,5,61010800,ВИНА ТИХИЕ КР. АВСТРАЛИИ,МСИ I_MISSION,False,1
61010803,5,61010800,ВИНА ТИХИЕ КР. АРГЕНТИНЫ,МСИ I_PRODUCT_SCORE,False,4
61010805,5,61010800,ВИНА ТИХИЕ КР. ГРУЗИИ,МСИ I_PRODUCT_SCORE,False,16
61010806,5,61010800,ВИНА ТИХИЕ КР. ИСПАНИИ,МСИ I_PRODUCT_SCORE,False,21
61010807,5,61010800,ВИНА ТИХИЕ КР. ИТАЛИИ,МСИ I_PRODUCT_SCORE,False,30
61010809,5,61010800,ВИНА ТИХИЕ КР. НОВОЙ ЗЕЛАНДИИ,МСИ I_MISSION,False,1
61010810,5,61010800,ВИНА ТИХИЕ КР. ПОРТУГАЛИИ,МСИ I_PRODUCT_SCORE,False,1
61010811,5,61010800,ВИНА ТИХИЕ КР. ПРОЧИХ СТРАН,МСИ I_PRODUCT_SCORE,False,7
61010812,5,61010800,ВИНА ТИХИЕ КР. КРЫМА,МСИ I_PRODUCT_SCORE,True,49
61010814,5,61010800,ВИНА ТИХИЕ КР. США,МСИ I_PRODUCT_SCORE,False,3
61010815,5,61010800,ВИНА ТИХИЕ КР. ФРАНЦИИ,МСИ I_PRODUCT_SCORE,False,13
61010816,5,61010800,ВИНА ТИХИЕ КР. ЧИЛИ,МСИ I_PRODUCT_SCORE,False,13
61010817,5,61010800,ВИНА ТИХИЕ КР. ЮАР,МСИ I_PRODUCT_SCORE,False,7
61010901,5,61010900,ВИНА ТИХИЕ БЕЛ. АБХАЗИИ,МСИ I_PRODUCT_SCORE,False,2
61010902,5,61010900,ВИНА ТИХИЕ БЕЛ. АВСТРАЛИИ,МСИ I_PRODUCT_SCORE,False,1
61010903,5,61010900,ВИНА ТИХИЕ БЕЛ. АРГЕНТИНЫ,МСИ I_PRODUCT_SCORE,False,3
61010904,5,61010900,ВИНА ТИХИЕ БЕЛ. ГЕРМАНИИ,МСИ I_PRODUCT_SCORE,False,8
61010905,5,61010900,ВИНА ТИХИЕ БЕЛ. ГРУЗИИ,МСИ I_PRODUCT_SCORE,False,5
61010906,5,61010900,ВИНА ТИХИЕ БЕЛ. ИСПАНИИ,МСИ I_PRODUCT_SCORE,False,20
61010907,5,61010900,ВИНА ТИХИЕ БЕЛ. ИТАЛИИ,МСИ I_PRODUCT_SCORE,False,26
61010909,5,61010900,ВИНА ТИХИЕ БЕЛ. НОВОЙ ЗЕЛАНДИИ,МСИ I_PRODUCT_SCORE,False,7
61010910,5,61010900,ВИНА ТИХИЕ БЕЛ. ПОРТУГАЛИИ,МСИ I_PRODUCT_SCORE,False,5
61010911,5,61010900,ВИНА ТИХИЕ БЕЛ. ПРОЧИХ СТРАН,МСИ I_PRODUCT_SCORE,False,7
61010912,5,61010900,ВИНА ТИХИЕ БЕЛ. РОССИИ,МСИ I_PRODUCT_SCORE,False,39
61010915,5,61010900,ВИНА ТИХИЕ БЕЛ. ФРАНЦИИ,МСИ I_PRODUCT_SCORE,False,9
61010916,5,61010900,ВИНА ТИХИЕ БЕЛ. ЧИЛИ,МСИ I_PRODUCT_SCORE,False,16
61010917,5,61010900,ВИНА ТИХИЕ БЕЛ. ЮАР,МСИ I_PRODUCT_SCORE,False,12
61010918,5,61010900,ВИНА ТИХИЕ БЕЛ. АВСТРАЛИИ,МСИ I_PRODUCT_SCORE,True,6
61011006,5,61011000,ВИНА ТИХИЕ РОЗ. ИСПАНИИ,МСИ I_PRODUCT_SCORE,False,3
61011007,5,61011000,ВИНА ТИХИЕ РОЗ. ИТАЛИИ,МСИ I_PRODUCT_SCORE,False,4
61011010,5,61011000,ВИНА ТИХИЕ РОЗ. ПОРТУГАЛИИ,МСИ I_PRODUCT_SCORE,False,4
61011011,5,61011000,ВИНА ТИХИЕ РОЗ. ПРОЧИХ СТРАН,МСИ I_MISSION,False,2
61011012,5,61011000,ВИНА ТИХИЕ РОЗ. РОССИИ,МСИ I_PRODUCT_SCORE,True,13
61011014,5,61011000,ВИНА ТИХИЕ РОЗ. США,МСИ I_MISSION,False,1
61011015,5,61011000,ВИНА ТИХИЕ РОЗ. ФРАНЦИИ,МСИ I_PRODUCT_SCORE,False,4
61011016,5,61011000,ВИНА ТИХИЕ РОЗ. ЧИЛИ,МСИ I_PRODUCT_SCORE,False,3
61011017,5,61011000,ВИНА ТИХИЕ РОЗ. ЮАР,МСИ I_PRODUCT_SCORE,False,5
61011101,5,61011100,ВИНА ТЕТРАПАК ИМПОРТНЫЕ,МСИ I_MISSION,False,3
61011102,5,61011100,ВИНА ТЕТРАПАК ОТЕЧЕСТВЕННЫЕ,МСИ I_PRODUCT_SCORE,False,18
61011201,5,61011200,ВЕРМУТ БЕЛЫЙ,МСИ I_PRODUCT_SCORE,False,11
61011202,5,61011200,ВЕРМУТ ПРОЧИЙ,МСИ I_PRODUCT_SCORE,False,5
61020101,5,61020100,ВОДА СТОЛОВАЯ ГАЗИРОВАННАЯ,МСИ I_PRODUCT_SCORE,True,8
61020102,5,61020100,ВОДА СТОЛОВАЯ ГАЗИРОВАННАЯ,МСИ I_PRODUCT_SCORE,True,3
61020104,5,61020100,ВОДА СТОЛОВАЯ ГАЗИРОВАННАЯ,МСИ I_PRODUCT_SCORE,True,1
61020109,5,61020100,ВОДА СТОЛОВАЯ ГАЗИРОВАННАЯ,МСИ I_PRODUCT_SCORE,True,8
61020201,5,61020200,ВОДА МИНЕРАЛЬНАЯ ГАЗИРОВАННАЯ,МСИ I_PRODUCT_SCORE,True,15
61020202,5,61020200,ВОДА МИНЕРАЛЬНАЯ ГАЗИРОВАННАЯ,МСИ I_PRODUCT_SCORE,True,8
61020301,5,61020300,ВОДА СО ВКУСОМ АРОМАТИЗИРОВАННАЯ НЕГАЗИРОВАННАЯ,МСИ I_PRODUCT_SCORE,True,17
61020302,5,61020300,ВОДА СО ВКУСОМ АРОМАТИЗИРОВАННАЯ НЕГАЗИРОВАННАЯ,МСИ I_PRODUCT_SCORE,False,14
61020401,5,61020400,ВОДА СТОЛОВАЯ НЕГАЗИРОВАННАЯ,МСИ I_PRODUCT_SCORE,True,13
61020402,5,61020400,ВОДА СТОЛОВАЯ НЕГАЗИРОВАННАЯ,МСИ I_PRODUCT_SCORE,True,8
61020403,5,61020400,ВОДА СТОЛОВАЯ НЕГАЗИРОВАННАЯ,МСИ I_PRODUCT_SCORE,True,9
61020404,5,61020400,ВОДА СТОЛОВАЯ НЕГАЗИРОВАННАЯ,МСИ I_PRODUCT_SCORE,True,7
61040102,5,61040100,БАЛЬЗАМЫ,МСИ I_PRODUCT_SCORE,False,4
61040301,5,61040300,ВИСКИ ШОТЛАДНСКИЙ ОДНОСОЛОДОВЫЙ,МСИ I_PRODUCT_SCORE,False,5
61040302,5,61040300,ВИСКИ ШОТЛАНДИЯ КУПАЖИРОВАННЫЙ,МСИ I_PRODUCT_SCORE,False,29
61040304,5,61040300,ВИСКИ ИРЛАНДСКИЙ КУПАЖИРОВАННЫЙ,МСИ I_PRODUCT_SCORE,False,4
61040305,5,61040300,БУРБОН,МСИ I_PRODUCT_SCORE,False,4
61040306,5,61040300,ПРОЧИЕ ВИСКИ,МСИ I_PRODUCT_SCORE,False,58
61040401,5,61040400,ВОДКА СО ВКУСАМИ,МСИ I_PRODUCT_SCORE,False,4
61040402,5,61040400,ВОДКА КЛАССИЧЕСКАЯ,МСИ I_PRODUCT_SCORE,False,159
61040501,5,61040500,ДЖИН ИМПОРТНЫЙ,МСИ I_PRODUCT_SCORE,False,3
61040502,5,61040500,ДЖИН ОТЕЧЕСТВЕННЫЙ,МСИ I_PRODUCT_SCORE,False,16
61040601,5,61040600,КРЕМОВЫЕ ЛИКЕРЫ,МСИ I_PRODUCT_SCORE,True,4
61040602,5,61040600,АППЕРИТИВЫ,МСИ I_PRODUCT_SCORE,True,12
61040801,5,61040800,КРЕМОВЫЕ ЛИКЕРЫ,МСИ I_PRODUCT_SCORE,False,4
61040802,5,61040800,ПРОЧИЕ ЛИКЕРЫ,МСИ I_PRODUCT_SCORE,False,17
61040901,5,61040900,ГОРЬКИЕ НАСТОЙКИ,МСИ I_PRODUCT_SCORE,False,31
61040902,5,61040900,СЛАДКИЕ НАСТОЙКИ,МСИ I_PRODUCT_SCORE,False,34
61041001,5,61041000,"КАЛЬВАДОС, РАКИЯ, АНИСОВЫЕ, САМБУКА И ДРУГИЕ",МСИ I_PRODUCT_SCORE,False,1
61041101,5,61041100,БЕЛЫЙ РОМ,МСИ I_PRODUCT_SCORE,False,2
61041102,5,61041100,ЗОЛОТОЙ РОМ,МСИ I_PRODUCT_SCORE,False,7
61041103,5,61041100,ВЫДЕРЖАННЫЙ РОМ,МСИ I_PRODUCT_SCORE,False,7
61041104,5,61041100,ПРЯНЫЙ РОМ,МСИ I_PRODUCT_SCORE,False,3
61041201,5,61041200,ТЕКИЛА БЕЛАЯ,МСИ I_PRODUCT_SCORE,False,3
61041301,5,61041300,КОНЬЯК РОССИИ,МСИ I_PRODUCT_SCORE,False,75
61041401,5,61041400,КОНЬЯК АРМЕНИИ,МСИ I_PRODUCT_SCORE,False,25
61041402,5,61041400,КОНЬЯК ГРУЗИИ,МСИ I_PRODUCT_SCORE,False,7
61041404,5,61041400,КОНЬЯК ФРАНЦИИ,МСИ I_PRODUCT_SCORE,False,4
61041405,5,61041400,КОНЬЯК ДРУГИХ СТРАН,МСИ I_PRODUCT_SCORE,True,1
61041501,5,61041500,БРЕНДИ РОССИИ,МСИ I_PRODUCT_SCORE,False,15
61041603,5,61041600,БРЕНДИ ИСПАНИИ,МСИ I_PRODUCT_SCORE,False,2
61041701,5,61041700,АРМАНЬЯК,МСИ I_PRODUCT_SCORE,False,1
61060104,5,61060100,ЖИВОЕ ПИВО ОТЕЧ,МСИ I_PRODUCT_SCORE,False,10
61060204,5,61060200,НЕФИЛЬТРОВАННОЕ ПИВО ЛИЦЕНЗИОННОЕ,МСИ I_PRODUCT_SCORE,False,8
61060205,5,61060200,НЕФИЛЬТРОВАННОЕ ПИВО ОТЕЧ,МСИ I_PRODUCT_SCORE,False,13
61060304,5,61060300,ПИВО АРОМАТИЗИРОВАННОЕ ЛИЦЕНЗИОННОЕ,МСИ I_PRODUCT_SCORE,False,4
61060305,5,61060300,ПИВО АРОМАТИЗИРОВАННОЕ ОТЕЧ,МСИ I_PRODUCT_SCORE,False,26
61060404,5,61060400,ПИВО БЕЗАЛКОГОЛЬНОЕ ЛИЦЕНЗИОННОЕ,МСИ I_PRODUCT_SCORE,False,6
61060405,5,61060400,ПИВО БЕЗАЛКОГОЛЬНОЕ ОТЕЧ,МСИ I_PRODUCT_SCORE,False,13
61060504,5,61060500,СВЕТЛОЕ ПИВО ЛИЦЕНЗИОННОЕ,МСИ I_PRODUCT_SCORE,False,26
61060505,5,61060500,СВЕТЛОЕ ПИВО ОТЕЧ,МСИ I_PRODUCT_SCORE,False,98
61060604,5,61060600,ТЕМНОЕ ПИВО ЛИЦЕНЗИОННОЕ,МСИ I_PRODUCT_SCORE,False,6
61060605,5,61060600,ТЕМНОЕ ПИВО ОТЕЧ,МСИ I_PRODUCT_SCORE,False,9
61060702,5,61060700,КРЕПКОЕ ПИВО ЛИЦЕНЗИОННОЕ,МСИ I_PRODUCT_SCORE,False,3
61060703,5,61060700,КРЕПКОЕ ПИВО ОТЕЧ,МСИ I_PRODUCT_SCORE,False,9
61060801,5,61060800,ПИВО КРАФТОВОЕ СВЕТЛОЕ,МСИ I_PRODUCT_SCORE,False,6
61060802,5,61060800,ПИВО АРОМАТИЗИРОВАННОЕ ОТЕЧ,МСИ I_PRODUCT_SCORE,True,9
61060803,5,61060800,СВЕТЛОЕ ПИВО ОТЕЧ,МСИ I_PRODUCT_SCORE,True,10
61060804,5,61060800,ТЕМНОЕ ПИВО ОТЕЧ,МСИ I_PRODUCT_SCORE,True,3
61070503,5,61070500,С/А НАПИТКИ ИГРИСТЫЕ,МСИ I_PRODUCT_SCORE,False,3
61070602,5,61070600,С/А НАПИТКИ ПИВНЫЕ ОТЕЧ.,МСИ I_PRODUCT_SCORE,False,19
61070702,5,61070700,С/А НАПИТКИ ПИВНЫЕ АРОМАТ. ОТЕЧ.,МСИ I_PRODUCT_SCORE,False,1
61070801,5,61070800,МЕДОВУХА,МСИ I_PRODUCT_SCORE,False,4
61070802,5,61070800,СИДР,МСИ I_PRODUCT_SCORE,False,17
61070901,5,61070900,"С/А НАПИТКИ НА ОСНОВЕ РОМА, ВИСКИ, ДЖИНА",МСИ I_PRODUCT_SCORE,False,11
61080101,5,61080100,100% СОКИ,МСИ I_PRODUCT_SCORE,True,15
61080102,5,61080100,НЕКТАРЫ,МСИ I_PRODUCT_SCORE,True,14
61080103,5,61080100,НЕКТАРЫ,МСИ I_PRODUCT_SCORE,True,61
61080202,5,61080200,МОРСЫ,МСИ I_PRODUCT_SCORE,True,4
61080301,5,61080300,СОКОСОДЕРЖАЩИЕ НАПИТКИ ПРОЧИЕ,МСИ I_PRODUCT_SCORE,False,19
61080401,5,61080400,ФРУКТОВЫЕ ДЕСЕРТЫ,МСИ I_PRODUCT_SCORE,True,4
61090101,5,61090100,СИГАРЕТЫ,МСИ I_PRODUCT_SCORE,False,229
61090201,5,61090200,"СИГАРЫ, СИГАРИЛЛЫ, ТАБАК",МСИ I_MISSION,False,1
61090301,5,61090300,ТАБАЧНЫЕ АКСЕССУАРЫ,МСИ I_PRODUCT_SCORE,False,3
61090302,5,61090300,ТАБАЧНЫЕ АКСЕССУАРЫ,МСИ I_PRODUCT_SCORE,True,6
61090401,5,61090400,ЭЛЕКТРОННЫЕ СИГАРЕТЫ,МСИ I_PRODUCT_SCORE,False,6
61090601,5,61090600,ТАБАЧНЫЕ СТИКИ,МСИ I_PRODUCT_SCORE,True,54
61100101,5,61100100,НЕФИЛЬТРОВАННОЕ ПИВО ИМП,МСИ I_PRODUCT_SCORE,False,9
61100201,5,61100200,ПИВО АРОМАТИЗИРОВАННОЕ ИМП,МСИ I_PRODUCT_SCORE,False,2
61100301,5,61100300,ПИВО БЕЗАЛКОГОЛЬНОЕ ИМП,МСИ I_PRODUCT_SCORE,False,4
61100501,5,61100500,СВЕТЛОЕ ПИВО ИМП,МСИ I_PRODUCT_SCORE,False,30
61100601,5,61100600,ТЕМНОЕ ПИВО ИМП,МСИ I_PRODUCT_SCORE,False,4
61110101,5,61110100,ДРУГИЕ СПОРТИВНЫЕ НАПИТКИ,МСИ I_PRODUCT_SCORE,False,5
61110102,5,61110100,ФРУКТОВЫЕ НЕГАЗИРОВАННЫЕ НАПИТКИ,МСИ I_PRODUCT_SCORE,True,5
61110201,5,61110200,ФРУКТОВЫЕ ГАЗИРОВАННЫЕ НАПИТКИ,МСИ I_PRODUCT_SCORE,True,4
61110301,5,61110300,"ХОЛОДНЫЕ ЧАИ ДО 0,5Л",МСИ I_PRODUCT_SCORE,True,10
61110302,5,61110300,ХОЛОДНЫЙ ЧАЙ,МСИ I_PRODUCT_SCORE,True,28
61110303,5,61110300,ХОЛОДНЫЙ ЧАЙ,МСИ I_PRODUCT_SCORE,True,6
61110501,5,61110500,КОЛА ТРАДИЦИОННАЯ,МСИ I_PRODUCT_SCORE,True,40
61110502,5,61110500,ДРУГИЕ НАПИТКИ,МСИ I_PRODUCT_SCORE,True,6
61110503,5,61110500,ДРУГИЕ НАПИТКИ,МСИ I_PRODUCT_SCORE,True,31
61110504,5,61110500,ДРУГИЕ НАПИТКИ,МСИ I_PRODUCT_SCORE,True,25
61110601,5,61110600,КВАС И КВАСНЫЕ НАПИТКИ,МСИ I_MISSION,True,4
61110602,5,61110600,КВАС И КВАСНЫЕ НАПИТКИ,МСИ I_PRODUCT_SCORE,True,12
61110701,5,61110700,КОЛА ТРАДИЦИОННАЯ,МСИ I_PRODUCT_SCORE,True,25
61110702,5,61110700,КОЛА ТРАДИЦИОННАЯ,МСИ I_PRODUCT_SCORE,False,10
61110703,5,61110700,КОЛА ТРАДИЦИОННАЯ,МСИ I_PRODUCT_SCORE,True,10
61110801,5,61110800,ТОНИКИ,МСИ I_PRODUCT_SCORE,False,3
61110802,5,61110800,ТОНИКИ,МСИ I_PRODUCT_SCORE,True,8
61110901,5,61110900,ЭНЕРГЕТИЧЕСКИЕ НАПИТКИ БЕЗАЛКОГОЛЬНЫЕ,МСИ I_PRODUCT_SCORE,True,106
61110902,5,61110900,ЭНЕРГЕТИЧЕСКИЕ НАПИТКИ БЕЗАЛКОГОЛЬНЫЕ,МСИ I_PRODUCT_SCORE,True,3
62010101,5,62010100,КОНЦЕНТРАТЫ БУЛЬОНОВ,МСИ I_MISSION,False,2
62010103,5,62010100,КОНЦЕНТРАТЫ НАПИТКОВ,МСИ I_PRODUCT_SCORE,False,7
62010104,5,62010100,КОНЦЕНТРАТЫ СОУСОВ И СМЕСЕЙ,МСИ I_MISSION,True,14
62010105,5,62010100,ЛАПША МОМЕНТАЛЬНОГО ПРИГОТОВЛЕНИЯ,МСИ I_PRODUCT_SCORE,False,56
62010106,5,62010100,ПЮРЕ МОМЕНТАЛЬНОГО ПРИГОТОВЛЕНИЯ,МСИ I_PRODUCT_SCORE,False,7
62010107,5,62010100,СУПЫ МОМЕНТАЛЬНОГО ПРИГОТОВЛЕНИЯ,МСИ I_PRODUCT_SCORE,False,10
62010108,5,62010100,СУПЫ ТРЕБУЮЩИЕ ПРИГОТОВЛЕНИЯ,МСИ I_PRODUCT_SCORE,False,8
62010109,5,62010100,ЛАПША МОМЕНТАЛЬНОГО ПРИГОТОВЛЕНИЯ,МСИ I_PRODUCT_SCORE,True,35
62010110,5,62010100,ВОСТОЧНАЯ КУХНЯ ПРОЧАЯ,МСИ I_PRODUCT_SCORE,True,7
62010303,5,62010300,БАТОНЧИКИ ДИЕТИЧЕСКИЕ,МСИ I_PRODUCT_SCORE,True,26
62010305,5,62010300,"ПРИПРАВЫ, СОУСЫ",МСИ I_PRODUCT_SCORE,False,6
62010403,5,62010400,МЮСЛИ,МСИ I_PRODUCT_SCORE,False,21
62010406,5,62010400,ЗАВТРАКИ ПРОЧИЕ,МСИ I_PRODUCT_SCORE,False,43
62010407,5,62010400,КУКУРУЗНЫЕ ХЛОПЬЯ,МСИ I_PRODUCT_SCORE,False,7
62010409,5,62010400,ПАЛОЧКИ,МСИ I_PRODUCT_SCORE,False,3
62010605,5,62010600,ШОКОЛАДНЫЕ БАТОНЧИКИ (П),МСИ I_MISSION,False,70
62010606,5,62010600,ДИАБЕТИКА,МСИ I_PRODUCT_SCORE,False,1
62010607,5,62010600,ДИАБЕТИКА,МСИ I_PRODUCT_SCORE,True,7
62010608,5,62010600,ДИЕТИКА,МСИ I_PRODUCT_SCORE,True,7
62010702,5,62010700,ВАНИЛИН,МСИ I_PRODUCT_SCORE,True,5
62010705,5,62010700,ДРОЖЖИ,МСИ I_PRODUCT_SCORE,True,5
62010706,5,62010700,КРАХМАЛ,МСИ I_PRODUCT_SCORE,False,2
62010708,5,62010700,ДОБАВКИ ПРОЧИЕ,МСИ I_PRODUCT_SCORE,False,50
62012301,5,62012300,ДОБАВКИ ПРОЧИЕ,МСИ I_MISSION,True,33
62012302,5,62012300,ПРИПРАВЫ,МСИ I_MISSION,True,59
62013101,5,62013100,АДЖИКА,МСИ I_PRODUCT_SCORE,False,3
62013102,5,62013100,ГОРЧИЦА,МСИ I_PRODUCT_SCORE,False,8
62013103,5,62013100,КЕТЧУП,МСИ I_PRODUCT_SCORE,False,33
62013104,5,62013100,СОУСЫ КИСЛОСЛАДКИЕ-ЭКЗОТИЧЕСКИЕ,МСИ I_PRODUCT_SCORE,False,4
62013105,5,62013100,СОУСЫ НА МАЙОНЕЗНОЙ ОСНОВЕ,МСИ I_PRODUCT_SCORE,False,19
62013106,5,62013100,СОУСЫ НА ОСНОВЕ ХРЕНА,МСИ I_PRODUCT_SCORE,False,3
62013107,5,62013100,СОУСЫ ПРОЧИЕ,МСИ I_PRODUCT_SCORE,False,20
62013108,5,62013100,СОУСЫ СОЕВЫЕ,МСИ I_PRODUCT_SCORE,False,10
62013109,5,62013100,СОУСЫ ТОМАТНЫЕ,МСИ I_PRODUCT_SCORE,False,21
62013110,5,62013100,ТОМАТНАЯ ПАСТА,МСИ I_PRODUCT_SCORE,False,22
62013111,5,62013100,УКСУС,МСИ I_PRODUCT_SCORE,False,5
62013201,5,62013200,ДОБАВКИ ПРОЧИЕ,МСИ I_MISSION,True,26
62013202,5,62013200,ПРИПРАВЫ,МСИ I_MISSION,False,22
62013203,5,62013200,КОНЦЕНТРАТЫ БУЛЬОНОВ,МСИ I_PRODUCT_SCORE,True,6
62013204,5,62013200,КОНЦЕНТРАТЫ СОУСОВ И СМЕСЕЙ,МСИ I_PRODUCT_SCORE,False,17
62020204,5,62020200,ПШЕНО,МСИ I_PRODUCT_SCORE,False,4
62020205,5,62020200,РИС,МСИ I_PRODUCT_SCORE,False,21
62020206,5,62020200,КРУПА ГРЕЧНЕВАЯ,МСИ I_PRODUCT_SCORE,False,9
62020207,5,62020200,КРУПЫ БОБОВЫЕ,МСИ I_PRODUCT_SCORE,False,11
62020208,5,62020200,КРУПЫ ПРОЧИЕ,МСИ I_PRODUCT_SCORE,False,12
62020209,5,62020200,РИС,МСИ I_PRODUCT_SCORE,True,6
62020306,5,62020300,ГРЕЧНЕВАЯ КРУПА В В/П,МСИ I_PRODUCT_SCORE,False,5
62020307,5,62020300,КРУПЫ ПРОЧИЕ В В/П,МСИ I_PRODUCT_SCORE,False,11
62020308,5,62020300,РИС В В/П,МСИ I_PRODUCT_SCORE,False,14
62020415,5,62020400,МАКАРОННЫЕ ИЗДЕЛИЯ ДЕТСКИЕ,МСИ I_PRODUCT_SCORE,False,2
62020416,5,62020400,МАКАРОННЫЕ ИЗДЕЛИЯ ДЛИННЫЕ,МСИ I_PRODUCT_SCORE,False,24
62020417,5,62020400,МАКАРОННЫЕ ИЗДЕЛИЯ ПРОЧИЕ,МСИ I_PRODUCT_SCORE,True,15
62020418,5,62020400,МАКАРОННЫЕ ИЗДЕЛИЯ СУПОВЫЕ,МСИ I_PRODUCT_SCORE,True,7
62020419,5,62020400,МАКАРОННЫЕ ИЗДЕЛИЯ ФИГУРНЫЕ,МСИ I_PRODUCT_SCORE,False,53
62020420,5,62020400,"МАКАРОННЫЕ ИЗДЕЛИЯ, РИС",МСИ I_PRODUCT_SCORE,True,6
62020507,5,62020500,МАСЛО ОЛИВКОВОЕ ЭКСТРА ВИРДЖИН,МСИ I_PRODUCT_SCORE,False,12
62020508,5,62020500,МАСЛО ПОДСОЛНЕЧНОЕ НЕРАФИНИРОВАННОЕ,МСИ I_PRODUCT_SCORE,False,2
62020509,5,62020500,МАСЛО ПОДСОЛНЕЧНОЕ РАФИНИРОВАННОЕ,МСИ I_PRODUCT_SCORE,False,14
62020510,5,62020500,МАСЛО ПРОЧЕЕ,МСИ I_PRODUCT_SCORE,False,6
62020511,5,62020500,МАСЛО СМЕСНОЕ,МСИ I_PRODUCT_SCORE,False,9
62020512,5,62020500,МАСЛО ОЛИВКОВОЕ РАФИНИРОВАННОЕ,МСИ I_PRODUCT_SCORE,True,2
62020701,5,62020700,МУКА ПШЕНИЧНАЯ,МСИ I_PRODUCT_SCORE,False,14
62020702,5,62020700,МУЧНЫЕ СМЕСИ,МСИ I_PRODUCT_SCORE,False,7
62020703,5,62020700,МУКА ПРОЧАЯ,МСИ I_PRODUCT_SCORE,False,3
62020804,5,62020800,САХАР БЕЛЫЙ КУСКОВОЙ,МСИ I_PRODUCT_SCORE,False,5
62020805,5,62020800,САХАР БЕЛЫЙ ПЕСОК,МСИ I_PRODUCT_SCORE,False,4
62020806,5,62020800,САХАР КОРИЧНЕВЫЙ,МСИ I_PRODUCT_SCORE,False,3
62020807,5,62020800,ДИАБЕТИКА,МСИ I_PRODUCT_SCORE,True,1
62020901,5,62020900,СОЛЬ,МСИ I_PRODUCT_SCORE,False,14
62021001,5,62021000,"ЗЕРНОВЫЕ, ТРЕБУЮЩИЕ ПРИГОТОВЛЕНИЯ",МСИ I_PRODUCT_SCORE,False,7
62021002,5,62021000,"ОВСЯНЫЕ, ТРЕБУЮЩИЕ ПРИГОТОВЛЕНИЯ",МСИ I_PRODUCT_SCORE,False,16
62021003,5,62021000,ОВСЯНЫЕ МОМЕНТАЛЬНОГО ПРИГОТОВЛЕНИЯ,МСИ I_PRODUCT_SCORE,False,29
62021004,5,62021000,КАШИ И ХЛОПЬЯ ПРОЧИЕ,МСИ I_PRODUCT_SCORE,False,6
62021005,5,62021000,ОВСЯНЫЕ МОМЕНТАЛЬНОГО ПРИГОТОВЛЕНИЯ,МСИ I_PRODUCT_SCORE,True,6
62030101,5,62030100,КАКАО НАПИТКИ,МСИ I_PRODUCT_SCORE,False,14
62030102,5,62030100,КАКАО ПОРОШОК,МСИ I_PRODUCT_SCORE,False,1
62030201,5,62030200,КОФЕ В ЗЕРНАХ,МСИ I_PRODUCT_SCORE,False,37
62030202,5,62030200,КОФЕ МОЛОТЫЙ,МСИ I_PRODUCT_SCORE,False,38
62030203,5,62030200,КОФЕ ПОРЦИОННЫЙ,МСИ I_PRODUCT_SCORE,True,9
62030204,5,62030200,КОФЕ РАСТВОРИМЫЙ,МСИ I_PRODUCT_SCORE,False,73
62030205,5,62030200,КОФЕЙНЫЕ НАПИТКИ И ЗАМЕНИТЕЛИ КОФЕ,МСИ I_PRODUCT_SCORE,True,7
62030206,5,62030200,КОФЕ ПОРЦИОННЫЙ,МСИ I_PRODUCT_SCORE,True,12
62030207,5,62030200,КОФЕ МОЛОТЫЙ,МСИ I_PRODUCT_SCORE,True,9
62030301,5,62030300,ЧАЙ ЗЕЛЕНЫЙ ЛИСТОВОЙ,МСИ I_PRODUCT_SCORE,False,11
62030302,5,62030300,ЧАЙ ЗЕЛЕНЫЙ ПАКЕТИРОВАННЫЙ,МСИ I_PRODUCT_SCORE,False,34
62030303,5,62030300,"ЧАЙ ФРУКТОВЫЙ, ТРАВЯНОЙ ЛИСТОВОЙ",МСИ I_PRODUCT_SCORE,False,7
62030304,5,62030300,"ЧАЙ ФРУКТОВЫЙ, ТРАВЯНОЙ ПАКЕТИРОВАННЫЙ",МСИ I_PRODUCT_SCORE,False,23
62030305,5,62030300,ЧАЙ ЧЕРНЫЙ ЛИСТОВОЙ,МСИ I_PRODUCT_SCORE,False,37
62030306,5,62030300,ЧАЙ ЧЕРНЫЙ ПАКЕТИРОВАННЫЙ,МСИ I_PRODUCT_SCORE,False,110
62030307,5,62030300,ЧАЙ ЧЕРНЫЙ ПАКЕТИРОВАННЫЙ,МСИ I_PRODUCT_SCORE,True,23
62040103,5,62040100,МОЛОКО СГУЩЕННОЕ,МСИ I_PRODUCT_SCORE,False,11
62040201,5,62040200,БЛЮДА МЯСНЫЕ ГОТОВЫЕ КОНС,МСИ I_PRODUCT_SCORE,False,1
62040202,5,62040200,КОЛБАСНЫЕ ИЗДЕЛИЯ КОНСЕРВИРОВАННЫЕ,МСИ I_PRODUCT_SCORE,False,1
62040203,5,62040200,КОНСЕРВЫ ИЗ ГОВЯДИНЫ,МСИ I_PRODUCT_SCORE,False,18
62040204,5,62040200,КОНСЕРВЫ ИЗ ПТИЦЫ,МСИ I_PRODUCT_SCORE,False,3
62040205,5,62040200,КОНСЕРВЫ ИЗ СВИНИНЫ,МСИ I_PRODUCT_SCORE,False,11
62040206,5,62040200,КОНСЕРВЫ МЯСНЫЕ ПРОЧИЕ,МСИ I_PRODUCT_SCORE,False,3
62040207,5,62040200,ПАШТЕТЫ МЯСНЫЕ,МСИ I_PRODUCT_SCORE,False,17
62040301,5,62040300,АССОРТИ ОВОЩНЫЕ,МСИ I_PRODUCT_SCORE,False,6
62040302,5,62040300,БЛЮДА ОВОЩНЫЕ ГОТОВЫЕ КОНС,МСИ I_PRODUCT_SCORE,False,23
62040303,5,62040300,БОБОВЫЕ КОНСЕРВИРОВАННЫЕ,МСИ I_PRODUCT_SCORE,False,14
62040304,5,62040300,ГОРОШЕК ЗЕЛЕНЫЙ КОНСЕРВИРОВАННЫЙ,МСИ I_PRODUCT_SCORE,False,11
62040305,5,62040300,ГРИБЫ КОНСЕРВИРОВАННЫЕ,МСИ I_PRODUCT_SCORE,False,5
62040306,5,62040300,ИКРА ОВОЩНАЯ,МСИ I_PRODUCT_SCORE,False,11
62040307,5,62040300,КУКУРУЗА КОНСЕРВИРОВАННАЯ,МСИ I_PRODUCT_SCORE,False,10
62040308,5,62040300,ЛЕЧО,МСИ I_PRODUCT_SCORE,False,4
62040309,5,62040300,ОВОЩНАЯ КОНСЕРВАЦИЯ ПРОЧАЯ,МСИ I_PRODUCT_SCORE,False,8
62040310,5,62040300,ОГУРЦЫ КОНСЕРВИРОВАННЫЕ,МСИ I_PRODUCT_SCORE,False,18
62040311,5,62040300,"ОЛИВКИ, МАСЛИНЫ КОНСЕРВИРОВАННЫЕ",МСИ I_PRODUCT_SCORE,False,20
62040312,5,62040300,ТОМАТЫ КОНСЕРВИРОВАННЫЕ,МСИ I_PRODUCT_SCORE,False,14
62040401,5,62040400,ГОРБУША / ЛОСОСЕВЫЕ,МСИ I_PRODUCT_SCORE,False,7
62040402,5,62040400,КИЛЬКА / БЫЧКИ,МСИ I_PRODUCT_SCORE,False,11
62040404,5,62040400,КОНСЕРВЫ РЫБНЫЕ ПРОЧИЕ,МСИ I_PRODUCT_SCORE,False,6
62040405,5,62040400,ПАШТЕТЫ РЫБНЫЕ КОНСЕРВИРОВАННЫЕ,МСИ I_PRODUCT_SCORE,False,1
62040406,5,62040400,ПЕЧЕНИ РЫБ,МСИ I_PRODUCT_SCORE,False,2
62040407,5,62040400,САЙРА,МСИ I_PRODUCT_SCORE,False,4
62040408,5,62040400,САРДИНА / САРДИНЕЛЛА,МСИ I_PRODUCT_SCORE,False,6
62040409,5,62040400,СКУМБРИЯ,МСИ I_PRODUCT_SCORE,False,6
62040410,5,62040400,ТУНЕЦ,МСИ I_PRODUCT_SCORE,False,15
62040411,5,62040400,ШПРОТЫ,МСИ I_PRODUCT_SCORE,False,11
62040503,5,62040500,КОМПОТЫ И ФРУКТЫ КОНСЕРВИРОВАННЫЕ,МСИ I_PRODUCT_SCORE,False,16
62050101,5,62050100,КОНФЕТЫ В КОРОБКАХ НОВОГОДНИЕ,МСИ I_PRODUCT_SCORE,False,23
62050102,5,62050100,КОНФЕТЫ В КОРОБКАХ ПРОЧИЕ,МСИ I_PRODUCT_SCORE,True,63
62050207,5,62050200,КОНФЕТЫ ВЕСОВЫЕ ПРОЧИЕ,МСИ I_PRODUCT_SCORE,True,3
62050208,5,62050200,КОНФЕТЫ ВЕСОВЫЕ В ШОКОЛАДНОЙ ГЛАЗУРИ,МСИ I_PRODUCT_SCORE,True,1
62050209,5,62050200,"КАРАМЕЛЬ, ЛЕДЕНЦЫ",МСИ I_PRODUCT_SCORE,True,7
62050210,5,62050200,КОНФЕТЫ ВЕСОВЫЕ В ШОКОЛАДНОЙ ГЛАЗУРИ,МСИ I_PRODUCT_SCORE,True,12
62050212,5,62050200,"КАРАМЕЛЬ, ЛЕДЕНЦЫ",МСИ I_PRODUCT_SCORE,True,3
62050213,5,62050200,"КОНФЕТЫ ВЕСОВЫЕ ЖЕЛЕЙНЫЕ, ПОМАДНЫЕ",МСИ I_PRODUCT_SCORE,True,14
62050214,5,62050200,КОНФЕТЫ ВЕСОВЫЕ В ШОКОЛАДНОЙ ГЛАЗУРИ,МСИ I_PRODUCT_SCORE,True,28
62050215,5,62050200,КОНФЕТЫ ВЕСОВЫЕ ПРОЧИЕ,МСИ I_PRODUCT_SCORE,True,6
62050216,5,62050200,"КОНФЕТЫ ВЕСОВЫЕ ЖЕЛЕЙНЫЕ, ПОМАДНЫЕ",МСИ I_PRODUCT_SCORE,True,1
62050217,5,62050200,"КОНФЕТЫ ВЕСОВЫЕ ЖЕЛЕЙНЫЕ, ПОМАДНЫЕ",МСИ I_PRODUCT_SCORE,True,13
62050218,5,62050200,КОНФЕТЫ ВЕСОВЫЕ ПРОЧИЕ,МСИ I_PRODUCT_SCORE,True,12
62050219,5,62050200,КОНФЕТЫ ВЕСОВЫЕ В ШОКОЛАДНОЙ ГЛАЗУРИ,МСИ I_PRODUCT_SCORE,True,6
62050220,5,62050200,КОНФЕТЫ ВЕСОВЫЕ В ШОКОЛАДНОЙ ГЛАЗУРИ,МСИ I_PRODUCT_SCORE,True,4
62050221,5,62050200,КОНФЕТЫ ВЕСОВЫЕ В ШОКОЛАДНОЙ ГЛАЗУРИ,МСИ I_PRODUCT_SCORE,True,11
62050222,5,62050200,КОНФЕТЫ ВЕСОВЫЕ ПРОЧИЕ,МСИ I_PRODUCT_SCORE,True,3
62050401,5,62050400,КОНФЕТЫ ФАСОВАННЫЕ ПРОЧИЕ,МСИ I_PRODUCT_SCORE,True,3
62050402,5,62050400,КОНФЕТЫ ФАСОВАННЫЕ В ШОКОЛАДНОЙ ГЛАЗУРИ,МСИ I_PRODUCT_SCORE,True,2
62050403,5,62050400,КОНФЕТЫ ФАСОВАННЫЕ КАРАМЕЛЬ,МСИ I_PRODUCT_SCORE,True,8
62050404,5,62050400,КОНФЕТЫ ФАСОВАННЫЕ В ШОКОЛАДНОЙ ГЛАЗУРИ,МСИ I_PRODUCT_SCORE,True,7
62050405,5,62050400,КОНФЕТЫ ФАСОВАННЫЕ ПРОЧИЕ,МСИ I_PRODUCT_SCORE,True,7
62050406,5,62050400,КОНФЕТЫ ФАСОВАННЫЕ В ШОКОЛАДНОЙ ГЛАЗУРИ,МСИ I_PRODUCT_SCORE,True,3
62050407,5,62050400,ПЕЧЕНЬЕ ПРОЧЕЕ,МСИ I_PRODUCT_SCORE,True,9
62050409,5,62050400,КОНФЕТЫ МОЛОЧНЫЕ (ФАС),МСИ I_PRODUCT_SCORE,True,1
62050410,5,62050400,КОНФЕТЫ ФАСОВАННЫЕ В ШОКОЛАДНОЙ ГЛАЗУРИ,МСИ I_PRODUCT_SCORE,True,2
62050411,5,62050400,КОНФЕТЫ ФАСОВАННЫЕ В ШОКОЛАДНОЙ ГЛАЗУРИ,МСИ I_PRODUCT_SCORE,True,5
62050412,5,62050400,КОНФЕТЫ ФАСОВАННЫЕ ПРОЧИЕ,МСИ I_PRODUCT_SCORE,True,6
62050413,5,62050400,КОНФЕТЫ ФАСОВАННЫЕ ПРОЧИЕ,МСИ I_PRODUCT_SCORE,True,1
62050414,5,62050400,КОНФЕТЫ ФАСОВАННЫЕ В ШОКОЛАДНОЙ ГЛАЗУРИ,МСИ I_PRODUCT_SCORE,False,4
62050415,5,62050400,КОНФЕТЫ ФАСОВАННЫЕ В ШОКОЛАДНОЙ ГЛАЗУРИ,МСИ I_PRODUCT_SCORE,True,5
62050416,5,62050400,"ИРИС, ЖЕВАТЕЛЬНЫЕ КОНФЕТЫ",МСИ I_PRODUCT_SCORE,True,28
62050417,5,62050400,ДРАЖЕ,МСИ I_PRODUCT_SCORE,True,4
62060201,5,62060200,ШОКОЛАД БЕЛЫЙ,МСИ I_PRODUCT_SCORE,True,16
62060202,5,62060200,"ШОКОЛАД ГОРЬКИЙ, ТЕМНЫЙ",МСИ I_PRODUCT_SCORE,False,44
62060203,5,62060200,ШОКОЛАД МОЛОЧНЫЙ,МСИ I_PRODUCT_SCORE,False,130
62060204,5,62060200,ШОКОЛАДНЫЕ ПЛИТКИ ПРОЧИЕ,МСИ I_PRODUCT_SCORE,True,5
62080101,5,62080100,ВАФЛИ КЛАССИЧЕСКИЕ,МСИ I_PRODUCT_SCORE,False,26
62080102,5,62080100,ВАФЛИ МЯГКИЕ,МСИ I_PRODUCT_SCORE,False,7
62080103,5,62080100,ВАФЛИ КЛАССИЧЕСКИЕ,МСИ I_PRODUCT_SCORE,True,3
62080201,5,62080200,КЕКСЫ ДЛИТЕЛЬНОГО ХРАНЕНИЯ,МСИ I_PRODUCT_SCORE,False,10
62080202,5,62080200,"КОРЖИ, ТАРТАЛЕТКИ",МСИ I_PRODUCT_SCORE,False,2
62080203,5,62080200,КРУАССАНЫ ДЛИТЕЛЬНОГО ХРАНЕНИЯ,МСИ I_PRODUCT_SCORE,False,13
62080205,5,62080200,ПРЯНИКИ ДЛИТЕЛЬНОГО ХРАНЕНИЯ,МСИ I_PRODUCT_SCORE,False,14
62080206,5,62080200,РУЛЕТЫ ДЛИТЕЛЬНОГО ХРАНЕНИЯ,МСИ I_PRODUCT_SCORE,False,11
62080207,5,62080200,МУЧНЫЕ СОЛЕНЫЕ СНЭКИ,МСИ I_PRODUCT_SCORE,True,7
62080208,5,62080200,СУХАРИ МУЧНЫЕ ИЗДЕЛИЯ,МСИ I_PRODUCT_SCORE,False,5
62080209,5,62080200,"СУШКИ, БАРАНКИ",МСИ I_PRODUCT_SCORE,False,11
62080301,5,62080300,"КРЕКЕРЫ, ГАЛЛЕТЫ",МСИ I_PRODUCT_SCORE,False,13
62080303,5,62080300,ПЕЧЕНЬЕ ЗАТЯЖНОЕ,МСИ I_PRODUCT_SCORE,False,7
62080304,5,62080300,ПЕЧЕНЬЕ ОВСЯНОЕ,МСИ I_PRODUCT_SCORE,False,15
62080305,5,62080300,ПЕЧЕНЬЕ ПРОЧЕЕ,МСИ I_PRODUCT_SCORE,False,29
62080306,5,62080300,ПЕЧЕНЬЕ С ГЛАЗУРЬЮ,МСИ I_PRODUCT_SCORE,False,18
62080307,5,62080300,ПЕЧЕНЬЕ ПРОЧЕЕ,МСИ I_PRODUCT_SCORE,True,15
62080308,5,62080300,ПЕЧЕНЬЕ САХАРНОЕ,МСИ I_PRODUCT_SCORE,False,37
62080309,5,62080300,"ПЕЧЕНЬЕ СДОБНОЕ, ПЕСОЧНОЕ",МСИ I_PRODUCT_SCORE,False,27
62080310,5,62080300,ПЕЧЕНЬЕ СЛОЕНОЕ,МСИ I_PRODUCT_SCORE,False,3
62080311,5,62080300,ПЕЧЕНЬЕ СЭНДВИЧ,МСИ I_PRODUCT_SCORE,False,32
62080312,5,62080300,ПЕЧЕНЬЕ В ГОФРОЛОТКЕ,МСИ I_PRODUCT_SCORE,False,3
62080501,5,62080500,ПИРОГИ СУХИЕ,МСИ I_PRODUCT_SCORE,False,13
62080502,5,62080500,ПИРОЖНЫЕ СУХИЕ,МСИ I_PRODUCT_SCORE,False,16
62080503,5,62080500,ТОРТЫ ВАФЕЛЬНЫЕ СУХИЕ,МСИ I_PRODUCT_SCORE,False,3
62080504,5,62080500,"ПИРОГИ, ТОРТЫ ИНД",МСИ I_PRODUCT_SCORE,True,7
62090101,5,62090100,АРАХИС,МСИ I_PRODUCT_SCORE,False,11
62090102,5,62090100,МИНДАЛЬ,МСИ I_PRODUCT_SCORE,False,5
62090103,5,62090100,ОРЕХИ ПРОЧИЕ,МСИ I_PRODUCT_SCORE,False,2
62090104,5,62090100,СМЕСЬ СУХОФРУКТОВ,МСИ I_PRODUCT_SCORE,True,11
62090105,5,62090100,СНЭКИ ПРОЧИЕ,МСИ I_PRODUCT_SCORE,True,7
62090106,5,62090100,ФУНДУК,МСИ I_PRODUCT_SCORE,False,3
62090107,5,62090100,ГРЕЦКИЙ,МСИ I_PRODUCT_SCORE,False,3
62090108,5,62090100,КЕШЬЮ,МСИ I_PRODUCT_SCORE,False,4
62090201,5,62090200,ИЗЮМ,МСИ I_PRODUCT_SCORE,False,4
62090202,5,62090200,КУРАГА,МСИ I_PRODUCT_SCORE,False,3
62090203,5,62090200,СМЕСЬ СУХОФРУКТОВ,МСИ I_PRODUCT_SCORE,False,3
62090204,5,62090200,СУХОФРУКТЫ ПРОЧИЕ,МСИ I_PRODUCT_SCORE,False,7
62090206,5,62090200,ЧЕРНОСЛИВ,МСИ I_PRODUCT_SCORE,False,3
62090301,5,62090300,СЕМЕЧКИ ПОДСОЛНУХА,МСИ I_PRODUCT_SCORE,False,33
62090302,5,62090300,СЕМЕЧКИ ТЫКВЫ,МСИ I_PRODUCT_SCORE,False,3
62090501,5,62090500,ЯГОДЫ СУШЕНЫЕ,МСИ I_PRODUCT_SCORE,False,2
62110101,5,62110100,ЖЕВАТЕЛЬНАЯ РЕЗИНКА ОСВЕЖАЮЩАЯ (П),МСИ I_PRODUCT_SCORE,False,21
62110102,5,62110100,ЖЕВАТЕЛЬНАЯ РЕЗИНКА ФРУКТОВАЯ (П),МСИ I_PRODUCT_SCORE,True,47
62110201,5,62110200,КОНФЕТЫ В КОРОБКАХ (П),МСИ I_PRODUCT_SCORE,False,6
62110202,5,62110200,КОНФЕТЫ ВЕСОВЫЕ (ФАСОВАННЫЕ) (П),МСИ I_PRODUCT_SCORE,False,264
62110301,5,62110300,ВАФЛИ (П),МСИ I_PRODUCT_SCORE,False,3
62110302,5,62110300,ПЕЧЕНЬЕ (П),МСИ I_PRODUCT_SCORE,False,5
62110303,5,62110300,СЛАДОСТИ (П),МСИ I_PRODUCT_SCORE,False,5
62110304,5,62110300,"ТОРТЫ, ПИРОЖНЫЕ ДЛИТЕЛЬНОГО ХРАНЕНИЯ (П)",МСИ I_PRODUCT_SCORE,False,2
62110401,5,62110400,ФИГУРНЫЙ ШОКОЛАД (П),МСИ I_PRODUCT_SCORE,False,44
62110402,5,62110400,ШОКОЛАД (П),МСИ I_PRODUCT_SCORE,False,16
62110403,5,62110400,ШОКОЛАДНЫЕ БАТОНЧИКИ (П),МСИ I_PRODUCT_SCORE,False,50
62110501,5,62110500,КОФЕ ПОРЦИОННЫЙ (П),МСИ I_PRODUCT_SCORE,False,30
62110601,5,62110600,ДИЕТИКА,МСИ I_PRODUCT_SCORE,True,1
62120101,5,62120100,ВОСТОЧНЫЕ СЛАДОСТИ,МСИ I_PRODUCT_SCORE,False,18
62120102,5,62120100,ЗЕФИР,МСИ I_PRODUCT_SCORE,False,20
62120103,5,62120100,МАРМЕЛАД,МСИ I_PRODUCT_SCORE,False,6
62120104,5,62120100,ПАСТА СЛАДКАЯ,МСИ I_PRODUCT_SCORE,False,9
62120105,5,62120100,ПРОЧИЕ СЛАДОСТИ,МСИ I_PRODUCT_SCORE,False,4
62120106,5,62120100,СУФЛЕ ПАСТИЛА,МСИ I_PRODUCT_SCORE,True,7
62120201,5,62120200,"ВАРЕНЬЕ, КОНФИТЮР, ПРОТЕРТЫЕ ФРУКТЫ",МСИ I_PRODUCT_SCORE,False,16
62120202,5,62120200,"ДЖЕМ, ПОВИДЛО",МСИ I_PRODUCT_SCORE,False,12
62120203,5,62120200,МЕД,МСИ I_PRODUCT_SCORE,False,4
62130101,5,62130100,СУХАРИКИ,МСИ I_PRODUCT_SCORE,False,34
62130102,5,62130100,ПОПКОРН,МСИ I_PRODUCT_SCORE,False,6
62130103,5,62130100,ЧИПСЫ,МСИ I_PRODUCT_SCORE,True,6
62130104,5,62130100,ЧИПСЫ,МСИ I_PRODUCT_SCORE,False,114
62130106,5,62130100,СНЭКИ ИЗ РЫБЫ И МОРЕПРОДУКТОВ,МСИ I_PRODUCT_SCORE,False,15
63010204,5,63010200,АВТОМАТИЧЕСКИЕ ОСВЕЖИТЕЛИ,МСИ I_PRODUCT_SCORE,False,31
63010205,5,63010200,"СПРЕИ, АЭРОЗОЛИ",МСИ I_PRODUCT_SCORE,False,17
63010206,5,63010200,ОСВЕЖИТЕЛИ ДРУГИЕ,МСИ I_PRODUCT_SCORE,False,7
63010301,5,63010300,МЫЛО ХОЗЯЙСТВЕННОЕ,МСИ I_PRODUCT_SCORE,False,3
63010302,5,63010300,"ОПОЛАСКИВАТЕЛИ, АНТИСТАТИКИ И КОНД.ДЛЯ БЕЛЬЯ",МСИ I_PRODUCT_SCORE,False,40
63010303,5,63010300,"ОТБЕЛИВАТЕЛИ, ПЯТНОВЫВОДИТЕЛИ",МСИ I_PRODUCT_SCORE,False,23
63010305,5,63010300,СРЕДСТВА ДЛЯ ЗАЩИТЫ СТИРАЛЬНЫХ МАШИН,МСИ I_PRODUCT_SCORE,False,8
63010309,5,63010300,ГЕЛИ ДЛЯ СТИРКИ,МСИ I_PRODUCT_SCORE,False,65
63010310,5,63010300,КАПСУЛЫ,МСИ I_PRODUCT_SCORE,False,26
63010311,5,63010300,ПОРОШКИ ДЛЯ СТИРКИ,МСИ I_PRODUCT_SCORE,False,49
63010501,5,63010500,ДЛЯ КОВРОВ,МСИ I_PRODUCT_SCORE,False,2
63010503,5,63010500,ДЛЯ МЫТЬЯ ПОЛОВ,МСИ I_PRODUCT_SCORE,False,13
63010504,5,63010500,ДЛЯ ПОСУДОМОЕЧНЫХ МАШИН,МСИ I_PRODUCT_SCORE,False,30
63010505,5,63010500,ДЛЯ ПОСУДЫ,МСИ I_PRODUCT_SCORE,False,45
63010506,5,63010500,УНИВЕРСАЛЬНЫЕ ЧИСТЯЩИЕ СРЕДСТВА,МСИ I_PRODUCT_SCORE,True,53
63010507,5,63010500,ДЛЯ СТЕКОЛ И ЗЕРКАЛ,МСИ I_PRODUCT_SCORE,False,7
63010508,5,63010500,ДЛЯ УХОДА ЗА МЕБЕЛЬЮ,МСИ I_PRODUCT_SCORE,False,1
63010511,5,63010500,УНИВЕРСАЛЬНЫЕ ЧИСТЯЩИЕ СРЕДСТВА,МСИ I_PRODUCT_SCORE,False,37
63010513,5,63010500,ДЛЯ УДАЛЕНИЯ ЗАСОРОВ,МСИ I_PRODUCT_SCORE,False,21
63010515,5,63010500,"ДЛЯ ПЛИТЫ, МИКРОВОЛНОВКИ И ПР.",МСИ I_PRODUCT_SCORE,False,9
63020203,5,63020200,ПРОКЛАДКИ ЕЖЕДНЕВНЫЕ,МСИ I_PRODUCT_SCORE,False,16
63020204,5,63020200,ТАМПОНЫ,МСИ I_PRODUCT_SCORE,False,12
63020205,5,63020200,ПРОКЛАДКИ КРИТИЧЕСКИЕ,МСИ I_PRODUCT_SCORE,False,48
63020301,5,63020300,БУМАЖНЫЕ ПОЛОТЕНЦА,МСИ I_PRODUCT_SCORE,False,18
63020302,5,63020300,ПЛАТКИ НОСОВЫЕ БУМАЖНЫЕ,МСИ I_PRODUCT_SCORE,False,3
63020303,5,63020300,САЛФЕТКИ БУМАЖНЫЕ,МСИ I_PRODUCT_SCORE,False,11
63020304,5,63020300,ТУАЛЕТНАЯ БУМАГА,МСИ I_PRODUCT_SCORE,False,43
63020305,5,63020300,ТУАЛЕТНАЯ БУМАГА ВЛАЖНАЯ,МСИ I_PRODUCT_SCORE,False,3
63020401,5,63020400,ГИГИЕНА ВАТНАЯ,МСИ I_PRODUCT_SCORE,False,8
63020402,5,63020400,ГИГИЕНА ВЛАЖНАЯ,МСИ I_PRODUCT_SCORE,False,21
63020502,5,63020500,ПРОКЛАДКИ УРОЛОГИЧЕСКИЕ,МСИ I_PRODUCT_SCORE,False,6
63030103,5,63030100,СРЕДСТВА МАКИЯЖА ДЛЯ ГЛАЗ,МСИ I_PRODUCT_SCORE,False,1
63030104,5,63030100,СРЕДСТВА МАКИЯЖА ДЛЯ ГУБ,МСИ I_PRODUCT_SCORE,False,8
63030401,5,63030400,ГЕЛИ ДЛЯ ДУША ЖЕНСКИЕ,МСИ I_PRODUCT_SCORE,True,44
63030402,5,63030400,НАБ.КОСМ/ПАРФ МУЖ.,МСИ I_PRODUCT_SCORE,False,12
63030403,5,63030400,НАБ.КОСМ/ПАРФ ДЕТ.,МСИ I_PRODUCT_SCORE,False,4
63030504,5,63030500,СТАНКИ И КАССЕТЫ,МСИ I_PRODUCT_SCORE,False,24
63030506,5,63030500,СРЕДСТВА ДЛЯ БРИТЬЯ,МСИ I_PRODUCT_SCORE,False,18
63030507,5,63030500,СРЕДСТВА ПОСЛЕ БРИТЬЯ,МСИ I_PRODUCT_SCORE,False,7
63030602,5,63030600,ДЕЗОДОРАНТЫ ДЛЯ ЖЕНЩИН,МСИ I_PRODUCT_SCORE,True,41
63030603,5,63030600,ДЕЗОДОРАНТЫ ДЛЯ МУЖЧИН,МСИ I_PRODUCT_SCORE,False,39
63030607,5,63030600,СРЕДСТВА ДЛЯ ЛИЦА,МСИ I_PRODUCT_SCORE,False,57
63030608,5,63030600,СРЕДСТВА ДЛЯ НОГ,МСИ I_MISSION,False,1
63030609,5,63030600,СРЕДСТВА ДЛЯ РУК,МСИ I_PRODUCT_SCORE,True,10
63030610,5,63030600,СРЕДСТВА ДЛЯ ТЕЛА,МСИ I_PRODUCT_SCORE,False,7
63030611,5,63030600,СРЕДСТВА ДЛЯ ЗАГАРА,МСИ I_PRODUCT_SCORE,False,2
63030701,5,63030700,"БАЛЬЗАМЫ, КОНДИЦИОНЕРЫ И ОПОЛАСКИВАТЕЛИ",МСИ I_PRODUCT_SCORE,False,27
63030706,5,63030700,ШАМПУНИ,МСИ I_PRODUCT_SCORE,False,90
63030707,5,63030700,МАСКИ И СПЕЦИАЛЬНЫЕ СРЕДСТВА ДЛЯ ВОЛОС,МСИ I_PRODUCT_SCORE,False,9
63030708,5,63030700,СРЕДСТВА ДЛЯ ОКРАШИВАНИЯ ВОЛОС,МСИ I_PRODUCT_SCORE,False,17
63030709,5,63030700,СРЕДСТВА ДЛЯ УКЛАДКИ ВОЛОС,МСИ I_PRODUCT_SCORE,False,11
63030801,5,63030800,ЗУБНАЯ НИТЬ,МСИ I_PRODUCT_SCORE,False,3
63030802,5,63030800,ЗУБНАЯ ПАСТА,МСИ I_PRODUCT_SCORE,False,104
63030803,5,63030800,ЗУБНЫЕ ЩЕТКИ,МСИ I_PRODUCT_SCORE,False,45
63030804,5,63030800,ЗУБОЧИСТКИ,МСИ I_PRODUCT_SCORE,False,1
63030805,5,63030800,ОПОЛАСКИВАТЕЛИ И ОСВЕЖИТЕЛИ,МСИ I_PRODUCT_SCORE,False,13
63030807,5,63030800,ЭЛЕКТРИЧЕСКИЕ ЗУБНЫЕ ЩЕТКИ И СМЕННЫЕ НАСАДКИ,МСИ I_MISSION,False,1
63030901,5,63030900,ГЕЛИ ДЛЯ ДУША ЖЕНСКИЕ,МСИ I_PRODUCT_SCORE,False,66
63030902,5,63030900,ГЕЛИ ДЛЯ ДУША МУЖСКИЕ,МСИ I_PRODUCT_SCORE,False,35
63030903,5,63030900,МЫЛО ТУАЛЕТНОЕ,МСИ I_PRODUCT_SCORE,False,27
63030904,5,63030900,МЫЛО/ГЕЛЬ ДЛЯ ИНТИМНОЙ ГИГИЕНЫ,МСИ I_MISSION,False,1
63030906,5,63030900,СОЛИ ДЛЯ ВАНН,МСИ I_PRODUCT_SCORE,False,6
63030907,5,63030900,МЫЛО ЖИДКОЕ,МСИ I_PRODUCT_SCORE,True,18
63040402,5,63040400,"ДЕТСКИЕ ВЛАЖНЫЕ САЛФЕТКИ, Т/БУМАГА",МСИ I_PRODUCT_SCORE,False,10
63040403,5,63040400,ПЕЛЁНКИ ДЕТСКИЕ,МСИ I_PRODUCT_SCORE,False,5
63040404,5,63040400,ПОДГУЗНИКИ - ТРУСИКИ,МСИ I_PRODUCT_SCORE,False,21
63040405,5,63040400,ПОДГУЗНИКИ ДЕТСКИЕ,МСИ I_PRODUCT_SCORE,False,13
63040501,5,63040500,СР-ВА ДЛЯ КУПАНИЯ,МСИ I_PRODUCT_SCORE,True,21
63040502,5,63040500,СР-ВА УХОДА ЗА ПОЛОСТЬЮ РТА ДЛЯ ДЕТЕЙ 2-12 ЛЕТ,МСИ I_PRODUCT_SCORE,False,17
63040503,5,63040500,СР-ВА УХОДА ЗА КОЖЕЙ ДЛЯ ДЕТЕЙ,МСИ I_PRODUCT_SCORE,True,3
63050103,5,63050100,АКСЕССУАРЫ ДЛЯ КОШКИ,МСИ I_PRODUCT_SCORE,False,9
63050104,5,63050100,АКСЕССУАРЫ ДЛЯ СОБАКИ,МСИ I_PRODUCT_SCORE,False,3
63050201,5,63050200,ВЛАЖНЫЕ КОРМА КОШКИ,МСИ I_PRODUCT_SCORE,False,142
63050202,5,63050200,ВЛАЖНЫЕ КОРМА СОБАКИ,МСИ I_PRODUCT_SCORE,False,25
63050204,5,63050200,ЛАКОМСТВА ДЛЯ СОБАК,МСИ I_PRODUCT_SCORE,False,13
63050205,5,63050200,ЛАКОМСТВА ДЛЯ КОШЕК,МСИ I_PRODUCT_SCORE,False,18
63050206,5,63050200,СУХИЕ КОРМА КОШКИ,МСИ I_PRODUCT_SCORE,False,52
63050207,5,63050200,СУХИЕ КОРМА СОБАКИ,МСИ I_PRODUCT_SCORE,False,13
63050301,5,63050300,НАПОЛНИТЕЛИ ТУАЛЕТОВ,МСИ I_PRODUCT_SCORE,False,12
63050302,5,63050300,СРЕДСТВА ГИГИЕНЫ ЗА ПИТОМЦАМИ,МСИ I_PRODUCT_SCORE,False,5
63060102,5,63060100,ПРЕЗЕРВАТИВЫ,МСИ I_PRODUCT_SCORE,False,7
63060303,5,63060300,"МЕДИЦИНСКИЕ МАСКИ, БАХИЛЫ, КОНТЕЙНЕРЫ/БАНКИ",МСИ I_PRODUCT_SCORE,False,1
63060304,5,63060300,ПЛАСТЫРИ,МСИ I_PRODUCT_SCORE,False,5
63060305,5,63060300,ТЕСТ НА БЕРЕМЕННОСТЬ,МСИ I_PRODUCT_SCORE,False,1
64020104,5,64020100,СВЕЧИ ХОЗЯЙСТВЕННЫЕ,МСИ I_PRODUCT_SCORE,False,3
64020701,5,64020700,"ГУБКА, МОЧАЛКА ДЛЯ ТЕЛА",МСИ I_PRODUCT_SCORE,True,4
64021001,5,64021000,"ВЕДРА, ТАЗЫ",МСИ I_PRODUCT_SCORE,False,1
64021003,5,64021000,"МЕШКИ ДЛЯ МУСОРА, ФИЛЬТРЫ",МСИ I_PRODUCT_SCORE,False,14
64021004,5,64021000,ПЕРЧАТКИ ХОЗЯЙСТВЕННЫЕ,МСИ I_PRODUCT_SCORE,False,9
64021005,5,64021000,"ШВАБРЫ, ВЕНИКИ, СОВКИ",МСИ I_PRODUCT_SCORE,False,1
64021006,5,64021000,"ГУБКИ, ТРЯПКИ",МСИ I_PRODUCT_SCORE,True,18
64021007,5,64021000,ГАЛАМАРТ,МСИ I_PRODUCT_SCORE,True,33
64021101,5,64021100,АЛЮМИНИЕВАЯ ФОЛЬГА,МСИ I_PRODUCT_SCORE,False,6
64021102,5,64021100,БУМАГА ДЛЯ ВЫПЕЧКИ,МСИ I_PRODUCT_SCORE,False,5
64021106,5,64021100,ПАКЕТЫ ДЛЯ ЗАПЕКАНИЯ,МСИ I_PRODUCT_SCORE,False,6
64021107,5,64021100,ПАКЕТЫ ДЛЯ ЛЬДА,МСИ I_PRODUCT_SCORE,False,3
64021109,5,64021100,ПЛЕНКА ДЛЯ ПРОДУКТОВ,МСИ I_PRODUCT_SCORE,False,5
64021110,5,64021100,ФАСОВОЧНЫЕ ПАКЕТЫ,МСИ I_PRODUCT_SCORE,False,6
64021203,5,64021200,СРЕДСТВА ОТ МОЛИ,МСИ I_PRODUCT_SCORE,True,3
64021204,5,64021200,"СРЕДСТВА ОТ ТАРАКАНОВ, МУРАВЬЕВ, КЛОПОВ,УНИВЕРС.",МСИ I_PRODUCT_SCORE,False,5
64021302,5,64021300,АНТИСТАТИКИ ДЛЯ ОДЕЖДЫ,МСИ I_PRODUCT_SCORE,False,1
64021303,5,64021300,СРЕДСТВА ДЛЯ ЧИСТКИ И ПОЛИРОВКИ ОБУВИ,МСИ I_PRODUCT_SCORE,False,8
64021304,5,64021300,СРЕДСТВА ДЛЯ ЧИСТКИ ОДЕЖДЫ,МСИ I_PRODUCT_SCORE,False,3
64021305,5,64021300,СРЕДСТВА ЗАЩИТЫ И УХОДА ЗА ОБУВЬЮ,МСИ I_PRODUCT_SCORE,False,7
64021401,5,64021400,ФАСОВОЧНЫЕ ПАКЕТЫ,МСИ I_PRODUCT_SCORE,True,2
64021402,5,64021400,ФАСОВОЧНЫЕ ПАКЕТЫ,МСИ I_PRODUCT_SCORE,True,3
64021403,5,64021400,ПАКЕТЫ ДЛЯ ПОКУПОК,МСИ I_PRODUCT_SCORE,True,3
64030305,5,64030300,ПОДУШКИ,МСИ I_PRODUCT_SCORE,False,1
64030502,5,64030500,ПОЛОТЕНЦА КУХОННЫЕ,МСИ I_PRODUCT_SCORE,False,4
64040101,5,64040100,АЛЬБОМЫ,МСИ I_PRODUCT_SCORE,False,1
64040102,5,64040100,"БЛОКНОТЫ, ЗАПИСНЫЕ КНИЖКИ, ЕЖЕДНЕВНИКИ",МСИ I_PRODUCT_SCORE,False,12
64040103,5,64040100,БУМАГА ДЛЯ ОФИСА,МСИ I_PRODUCT_SCORE,False,2
64040104,5,64040100,"ТЕТРАДИ, ДНЕВНИКИ",МСИ I_PRODUCT_SCORE,False,13
64040105,5,64040100,ЦВЕТНАЯ БУМАГА И КАРТОН,МСИ I_PRODUCT_SCORE,False,2
64040201,5,64040200,КАНЦЕЛЯРСКИЕ МЕЛОЧИ,МСИ I_PRODUCT_SCORE,False,53
64040202,5,64040200,"КЛЕЙ, КОРРЕКТОР, ШТРИХ, СКОТЧ",МСИ I_PRODUCT_SCORE,False,10
64040203,5,64040200,"ПАПКИ, ОБЛОЖКИ, ФАЙЛЫ, ЛОТКИ",МСИ I_PRODUCT_SCORE,False,6
64040301,5,64040300,"КИСТИ, КРАСКИ",МСИ I_PRODUCT_SCORE,False,6
64040302,5,64040300,НАБОРЫ ДЛЯ ТВОРЧЕСТВА,МСИ I_PRODUCT_SCORE,False,3
64040303,5,64040300,ТОВАРЫ ДЛЯ ЛЕПКИ,МСИ I_PRODUCT_SCORE,False,3
64040304,5,64040300,"ФЛОМАСТЕРЫ, ЦВЕТНЫЕ КАРАНДАШИ",МСИ I_PRODUCT_SCORE,False,8
64040305,5,64040300,МЕЛКИ,МСИ I_PRODUCT_SCORE,False,6
64040401,5,64040400,"КАРАНДАШИ Ч/Г, СТЕРЖЕНЬ",МСИ I_PRODUCT_SCORE,False,9
64040402,5,64040400,МАРКЕРЫ,МСИ I_PRODUCT_SCORE,False,4
64040403,5,64040400,"РУЧКИ ГЕЛЕВЫЕ, РОЛЛЕРЫ, ЛИНЕРЫ",МСИ I_PRODUCT_SCORE,False,6
64040404,5,64040400,"РУЧКИ ШАРИКОВЫЕ, СТЕРЖНИ",МСИ I_PRODUCT_SCORE,False,15
64050101,5,64050100,ДОМАШНИЕ ТАПОЧКИ МУЖСКИЕ,МСИ I_PRODUCT_SCORE,False,7
64050103,5,64050100,"РЕЗИНОВАЯ: ГАЛОШИ, САПОГИ МУЖСКАЯ",МСИ I_PRODUCT_SCORE,False,1
64050106,5,64050100,"ШЛЕПКИ, ПАНТОЛЕТЫ, СЛАНЦЫ МУЖСКИЕ",МСИ I_PRODUCT_SCORE,False,3
64050201,5,64050200,ДОМАШНИЕ ТАПОЧКИ ЖЕНСКИЕ,ручной справочник (MANUAL),False,11
64050203,5,64050200,"РЕЗИНОВАЯ: ГАЛОШИ, САПОГИ ЖЕНСКАЯ",ручной справочник (MANUAL),False,2
64050206,5,64050200,"ШЛЕПКИ, ПАНТОЛЕТЫ, СЛАНЦЫ ЖЕНСКИЕ",МСИ I_PRODUCT_SCORE,False,2
64060212,5,64060200,"ГОЛОВНЫЕ УБОРЫ, ШАРФЫ, ПЕРЧАТКИ, ПЛАТКИ ЖЕН",МСИ I_PRODUCT_SCORE,False,4
64060501,5,64060500,АКСЕССУАРЫ ОДЕЖДА,МСИ I_PRODUCT_SCORE,False,2
64070105,5,64070100,ГАЗЕТА ИНФОРМАЦИОННАЯ,МСИ I_PRODUCT_SCORE,False,17
64070107,5,64070100,ГАЗЕТА ТЕЛЕГИД,МСИ I_PRODUCT_SCORE,False,4
64070108,5,64070100,ГАЗЕТА-КРОССВОРД,МСИ I_PRODUCT_SCORE,False,5
64070203,5,64070200,"ЖУРНАЛЫ О ДЕТЯХ, ДЕТСКИЕ ЖУРНАЛЫ",МСИ I_PRODUCT_SCORE,False,26
64070206,5,64070200,ЖУРНАЛЫ О ЗДОРОВЬЕ,МСИ I_PRODUCT_SCORE,False,2
64070207,5,64070200,ЖУРНАЛЫ О КИНО И ТВ,МСИ I_PRODUCT_SCORE,False,2
64070208,5,64070200,ЖУРНАЛЫ О МОДЕ,МСИ I_PRODUCT_SCORE,False,1
64070209,5,64070200,ЖУРНАЛЫ О САДЕ И ОГОРОДЕ,МСИ I_PRODUCT_SCORE,False,3
64070210,5,64070200,ЖУРНАЛЫ ОБ АВТОМОБИЛЯХ,МСИ I_PRODUCT_SCORE,False,1
64070215,5,64070200,ЖУРНАЛЫ ДЛЯ ЖЕНЩИН,МСИ I_PRODUCT_SCORE,False,16
64070218,5,64070200,"ЖУРНАЛЫ О ДОМЕ, РЕМОНТЕ",МСИ I_PRODUCT_SCORE,False,1
64070219,5,64070200,ЖУРНАЛЫ О СПОРТЕ,МСИ I_PRODUCT_SCORE,False,2
64070220,5,64070200,ЖУРНАЛЫ ПРОЧИЕ,МСИ I_PRODUCT_SCORE,False,28
64070221,5,64070200,"ЖУРНАЛЫ-КРОССВОРДЫ, СКАНВОРДЫ",МСИ I_PRODUCT_SCORE,False,46
64070302,5,64070300,РАСКРАСКИ И ПОСОБИЯ,МСИ I_PRODUCT_SCORE,False,1
64070304,5,64070300,КНИГИ ДЕТСКИЕ,МСИ I_PRODUCT_SCORE,False,10
64070305,5,64070300,КНИГИ ХУДОЖЕСТВЕННЫЕ,МСИ I_PRODUCT_SCORE,False,5
64070307,5,64070300,КНИГИ ДЕТСКИЕ ПОСОБИЯ,МСИ I_PRODUCT_SCORE,False,2
64070308,5,64070300,КНИГИ ПОДАРОЧНЫЕ ДЕТСКИЕ,МСИ I_PRODUCT_SCORE,False,1
64070401,5,64070400,КАЛЕНДАРИ,МСИ I_PRODUCT_SCORE,False,4
64070402,5,64070400,ОТКРЫТКИ,МСИ I_PRODUCT_SCORE,False,12
64070501,5,64070500,ЛОТЕРЕЙНЫЕ БИЛЕТЫ,МСИ I_PRODUCT_SCORE,False,1
64080101,5,64080100,БАРНЫЕ АКСЕССУАРЫ,МСИ I_PRODUCT_SCORE,False,1
64080102,5,64080100,"ДОСКИ, НОЖИ, АКСЕССУАРЫ",МСИ I_PRODUCT_SCORE,False,1
64080109,5,64080100,ТОВАРЫ ДЛЯ ОЧИСТКИ ВОДЫ,МСИ I_PRODUCT_SCORE,False,10
64080110,5,64080100,"ДУРШЛАГ, СИТО",МСИ I_MISSION,False,1
64080111,5,64080100,КУХОННАЯ УТВАРЬ ПРОЧЕЕ,МСИ I_PRODUCT_SCORE,False,3
64080204,5,64080200,ФОРМА ДЛЯ ЗАПЕКАНИЯ,МСИ I_PRODUCT_SCORE,False,1
64080205,5,64080200,"ЧАЙНИКИ, КОФЕЙНИКИ, ТУРКИ",МСИ I_PRODUCT_SCORE,False,2
64080301,5,64080300,ПЛАСТИКОВЫЕ КОНТЕЙНЕРЫ,МСИ I_PRODUCT_SCORE,False,10
64080401,5,64080400,"БОКАЛЫ, ФУЖЕРЫ, СТАКАНЫ ОДНОРАЗОВЫЕ",МСИ I_PRODUCT_SCORE,False,6
64080402,5,64080400,СТОЛОВЫЕ ПРИБОРЫ ОДНОРАЗОВАЯ ПОСУДА,МСИ I_PRODUCT_SCORE,False,8
64080404,5,64080400,"ТАРЕЛКИ, МИСКИ ОДНОРАЗОВЫЕ",МСИ I_PRODUCT_SCORE,False,6
64080501,5,64080500,"БОКАЛЫ, ФУЖЕРЫ, СТАКАНЫ СТОЛОВЫЕ",МСИ I_PRODUCT_SCORE,False,2
64080504,5,64080500,СТОЛОВЫЕ СЕРВИЗЫ,МСИ I_PRODUCT_SCORE,False,2
64080505,5,64080500,"ТАРЕЛКИ, САЛАТНИКИ",МСИ I_PRODUCT_SCORE,False,1
64080506,5,64080500,"ЧАШКИ, КРУЖКИ",МСИ I_PRODUCT_SCORE,False,8
64080601,5,64080600,"ГРАФИНЫ, КУВШИНЫ, БАНКИ ИЗ ПЛАСТИКА",МСИ I_MISSION,False,1
64080602,5,64080600,"КРУЖКИ, СТАКАНЫ ИЗ ПЛАСТИКА",МСИ I_PRODUCT_SCORE,False,1
64080603,5,64080600,"ТАРЕЛКИ, САЛАТНИКИ ИЗ ПЛАСТИКА",МСИ I_PRODUCT_SCORE,False,3
64090303,5,64090300,ТОПЛИВНЫЙ МАТЕРИАЛ,МСИ I_PRODUCT_SCORE,False,8
64090305,5,64090300,ПРИНАДЛЕЖНОСТИ ДЛЯ БАРБЕКЮ,МСИ I_PRODUCT_SCORE,True,20
64090401,5,64090400,"ВАЗЫ, ГОРШКИ, КАШПО",МСИ I_PRODUCT_SCORE,False,2
64090402,5,64090400,"ГРУНТ, УДОБРЕНИЯ",МСИ I_PRODUCT_SCORE,False,5
64090403,5,64090400,ОБОРУДОВАНИЕ ДЛЯ ПОЛИВА,МСИ I_PRODUCT_SCORE,False,1
64090405,5,64090400,САДОВЫЕ ИНСТРУМЕНТЫ,МСИ I_PRODUCT_SCORE,False,3
64090406,5,64090400,СЕМЕНА,МСИ I_MISSION,False,42
64090407,5,64090400,САЖЕНЦЫ РАСТЕНИЙ,МСИ I_PRODUCT_SCORE,False,1
64090408,5,64090400,"РЕПЕЛЛЕНТЫ: СРЕДСТВА ОТ КЛЕЩЕЙ, КОМАРОВ, МУХ",МСИ I_PRODUCT_SCORE,False,52
64090701,5,64090700,ЕЛКИ ИСКУССТВЕННЫЕ,МСИ I_PRODUCT_SCORE,False,4
64090702,5,64090700,ЕЛОЧНЫЕ УКРАШЕНИЯ,МСИ I_PRODUCT_SCORE,False,116
64090703,5,64090700,КОСТЮМ КАРНАВАЛЬНЫЙ И АКСЕССУАРЫ,МСИ I_PRODUCT_SCORE,False,33
64090704,5,64090700,"МИШУРА, ДОЖДИК, КОНФЕТТИ, СЕРПАНТИН",МСИ I_PRODUCT_SCORE,False,15
64090705,5,64090700,ПИРОТЕХНИКА,МСИ I_PRODUCT_SCORE,False,5
64090706,5,64090700,"СВЕЧИ, ПОДСВЕЧНИКИ",МСИ I_PRODUCT_SCORE,False,17
64090707,5,64090700,СУВЕНИРЫ,МСИ I_PRODUCT_SCORE,False,26
64090708,5,64090700,"НАКЛЕЙКА, СТИКЕР",МСИ I_PRODUCT_SCORE,True,15
64090801,5,64090800,ДЕКОР НАКЛЕЙКИ,МСИ I_PRODUCT_SCORE,False,21
64090802,5,64090800,ПАСХАЛЬНАЯ ПОСУДА И ТЕКСТИЛЬ,МСИ I_MISSION,False,5
64090803,5,64090800,ПАСХАЛЬНЫЕ НАБОРЫ,МСИ I_PRODUCT_SCORE,False,8
64090804,5,64090800,ПАСХАЛЬНЫЕ СУВЕНИРЫ,МСИ I_PRODUCT_SCORE,True,51
64090805,5,64090800,ПИЩЕВЫЕ КРАСИТЕЛИ,МСИ I_PRODUCT_SCORE,False,23
64090806,5,64090800,ДЕКОР НАКЛЕЙКИ,МСИ I_PRODUCT_SCORE,True,1
64091001,5,64091000,АКСЕССУАРЫ ДЛЯ РАЗВЛЕЧЕНИЙ,МСИ I_PRODUCT_SCORE,False,64
64091002,5,64091000,"ДУДКА, ГОРН, ЯЗЫЧОК",МСИ I_PRODUCT_SCORE,False,1
64091003,5,64091000,"НАКЛЕЙКА, СТИКЕР",МСИ I_PRODUCT_SCORE,False,4
64091004,5,64091000,ПАКЕТЫ И БУМАГА ПОДАРОЧНАЯ,МСИ I_PRODUCT_SCORE,False,35
64091005,5,64091000,"СОЛОМИНКИ, ШПАЖКИ",МСИ I_PRODUCT_SCORE,True,4
64091006,5,64091000,ШАРЫ,МСИ I_PRODUCT_SCORE,True,12
64091201,5,64091200,БАНКИ ДЛЯ КОНСЕРВАЦИИ,МСИ I_PRODUCT_SCORE,False,5
64091202,5,64091200,КРЫШКИ ДЛЯ КОНСЕРВАЦИИ,МСИ I_PRODUCT_SCORE,False,4
64100102,5,64100100,АКСЕССУАРЫ ДЛЯ ИНТЕРЬЕРА,МСИ I_PRODUCT_SCORE,False,1
64100106,5,64100100,СРЕДСТВА ДЛЯ ОЧИСТКИ АВТО,МСИ I_PRODUCT_SCORE,True,1
64100110,5,64100100,СРЕДСТВА ДЛЯ ОЧИСТКИ АВТО,МСИ I_PRODUCT_SCORE,False,2
64100612,5,64100600,ЛАМПА НАКАЛИВАНИЯ,МСИ I_PRODUCT_SCORE,False,1
64100614,5,64100600,ЛАМПА СВЕТОДИОДНАЯ,МСИ I_PRODUCT_SCORE,False,3
64100617,5,64100600,СВЕТИЛЬНИК,МСИ I_PRODUCT_SCORE,False,1
64100902,5,64100900,ВЕНТИЛЯТОРЫ,МСИ I_PRODUCT_SCORE,False,1
64101002,5,64101000,БАТАРЕЙКИ,МСИ I_PRODUCT_SCORE,False,15
64130301,5,64130300,АКСЕССУАРЫ ДЛЯ МОБИЛЬНЫХ ТЕЛЕФОНОВ,МСИ I_PRODUCT_SCORE,False,11
64130306,5,64130300,МОБИЛЬНЫЕ ТЕЛЕФОНЫ,МСИ I_PRODUCT_SCORE,False,3
64130407,5,64130400,НАУШНИКИ И МИКРОФОНЫ,МСИ I_PRODUCT_SCORE,False,1
64150101,5,64150100,ИГРУШКИ ДЛЯ АКТИВНОГО ОТДЫХА ПРОЧИЕ,МСИ I_PRODUCT_SCORE,False,121
64150102,5,64150100,МЫЛЬНЫЕ ПУЗЫРИ,МСИ I_PRODUCT_SCORE,True,44
64150103,5,64150100,МЯЧ РЕЗИНОВЫЙ ДЕТСКИЙ,МСИ I_PRODUCT_SCORE,False,8
64150201,5,64150200,ИГРУШКИ МЯГКИЕ,МСИ I_PRODUCT_SCORE,False,42
64150302,5,64150300,"ИГРУШКА ОБУЧАЮЩАЯ, ЛОГИЧЕСКАЯ",МСИ I_PRODUCT_SCORE,False,4
64150303,5,64150300,ИГРУШКИ РАЗВИВАЮЩИЕ ПРОЧИЕ,МСИ I_PRODUCT_SCORE,False,110
64150305,5,64150300,НАБОР ДЛЯ ТВОРЧЕСТВА И МОДЕЛИРОВАНИЯ,МСИ I_PRODUCT_SCORE,False,20
64150306,5,64150300,НАБОР ИГРОВОЙ РАЗВИВАЮЩИЙ,МСИ I_PRODUCT_SCORE,False,28
64150307,5,64150300,НАБОР ПЕСОЧНЫЙ И ПРИНАДЛЕЖНОСТИ,МСИ I_PRODUCT_SCORE,False,3
64150308,5,64150300,ОРУЖИЕ,МСИ I_PRODUCT_SCORE,False,18
64150309,5,64150300,"РОБОТ, ТРАНСФОРМЕР",МСИ I_PRODUCT_SCORE,False,6
64150401,5,64150400,ИГРУШКИ ДЛЯ АКТИВНОГО ОТДЫХА ПРОЧИЕ,МСИ I_PRODUCT_SCORE,True,27
64150402,5,64150400,НАБОР ИГРОВОЙ ТРАНСПОРТ,МСИ I_PRODUCT_SCORE,False,12
64150403,5,64150400,ПРОЧИЕ,МСИ I_PRODUCT_SCORE,False,3
64150404,5,64150400,"Р/У, Д/У",МСИ I_PRODUCT_SCORE,False,3
64150501,5,64150500,КОНСТРУКТОР ПРОЧИЙ,МСИ I_PRODUCT_SCORE,False,7
64150502,5,64150500,КОНСТРУКТОР ТИПА ЛЕГО,МСИ I_PRODUCT_SCORE,False,14
64150601,5,64150600,АКСЕССУАРЫ,МСИ I_PRODUCT_SCORE,False,2
64150602,5,64150600,КУКЛЫ,МСИ I_PRODUCT_SCORE,False,14
64150603,5,64150600,НАБОР ИГРОВОЙ КУКЛЫ,МСИ I_PRODUCT_SCORE,False,5
64160205,5,64160200,"КРАСКИ, ЛАКИ, КИСТИ",МСИ I_PRODUCT_SCORE,False,2
64160206,5,64160200,"МАТЕРИАЛ ИЗОЛЯЦИОННЫЙ, ЗАЩИТНЫЙ",МСИ I_PRODUCT_SCORE,False,2
64160211,5,64160200,ИНСТРУМЕНТЫ ПРОЧИЕ,МСИ I_PRODUCT_SCORE,False,1
64160403,5,64160400,ЭЛЕКТРИЧЕСКИЕ КАБЕЛИ,МСИ I_PRODUCT_SCORE,False,2
64180101,5,64180100,АКСЕССУАРЫ ДЛЯ ВОЛОС,МСИ I_PRODUCT_SCORE,False,10
64180103,5,64180100,БИЖУТЕРИЯ,МСИ I_PRODUCT_SCORE,False,1
64180105,5,64180100,ОЧКИ,МСИ I_PRODUCT_SCORE,False,2
64180106,5,64180100,РАСЧЕСКИ,МСИ I_PRODUCT_SCORE,False,2
64180107,5,64180100,"СПОНЖЫ, КИСТИ, ЗЕРКАЛА, ГАЛАНТЕРЕЯ ДЛЯ МАКИЯЖА",МСИ I_PRODUCT_SCORE,False,1
64180108,5,64180100,АКСЕССУАРЫ ПРОЧИЕ,МСИ I_PRODUCT_SCORE,False,1
64180201,5,64180200,ЗОНТЫ,МСИ I_PRODUCT_SCORE,False,2
64180302,5,64180300,"СУМКИ, ПОРТФЕЛИ",МСИ I_PRODUCT_SCORE,False,1
64190101,5,64190100,"КОЛГОТКИ, ЧУЛКИ КАПРОН",МСИ I_PRODUCT_SCORE,False,43
64190102,5,64190100,"КОЛГОТКИ, ЧУЛКИ МИКРОФИБРА",МСИ I_PRODUCT_SCORE,False,7
64190105,5,64190100,"НОСКИ, ГОЛЬФЫ МУЖ",МСИ I_PRODUCT_SCORE,False,44
64190106,5,64190100,"НОСКИ, ГОЛЬФЫ, ПОДСЛЕДНИКИ КАПРОНОВЫЕ ЖЕН",МСИ I_PRODUCT_SCORE,False,19
64190107,5,64190100,"НОСКИ, ГОЛЬФЫ, ПОДСЛЕДНИКИ ХЛОПКОВЫЕ ЖЕН",МСИ I_PRODUCT_SCORE,False,42
64190201,5,64190200,КОЛГОТКИ,МСИ I_PRODUCT_SCORE,False,2
64190202,5,64190200,"НОСКИ, ГОЛЬФЫ",МСИ I_PRODUCT_SCORE,False,28
65010901,5,65010900,"БЛИНЫ, ОЛАДЬИ, СЫРНИКИ, ЗАПЕКАНКИ СП",МСИ I_PRODUCT_SCORE,True,9
65010902,5,65010900,"БЛИНЫ, ОЛАДЬИ, СЫРНИКИ, ЗАПЕКАНКИ СП",МСИ I_PRODUCT_SCORE,True,6
65010903,5,65010900,БЛЮДА ИЗ ЯИЦ,МСИ I_PRODUCT_SCORE,True,3
65010904,5,65010900,КАШИ МОЛОЧНЫЕ,МСИ I_PRODUCT_SCORE,True,7
65011001,5,65011000,"МОРСЫ,ЛИМОНАДЫ,КОМПОТЫ",МСИ I_PRODUCT_SCORE,True,2
65011101,5,65011100,ГОТОВЫЕ БЛЮДА СП (ПОСТАВЩИК),МСИ I_PRODUCT_SCORE,True,2
65011102,5,65011100,БЛЮДА С ГАРНИРОМ,МСИ I_PRODUCT_SCORE,True,3
65011103,5,65011100,ГОТОВЫЕ ГАРНИРЫ,МСИ I_PRODUCT_SCORE,True,16
65011104,5,65011100,ГОТОВЫЕ БЛЮДА СП (ПОСТАВЩИК),МСИ I_PRODUCT_SCORE,True,24
65011105,5,65011100,БЛЮДА С РЫБОЙ,МСИ I_PRODUCT_SCORE,False,4
65011106,5,65011100,ГОТОВЫЕ БЛЮДА СП (ПОСТАВЩИК),МСИ I_PRODUCT_SCORE,True,22
65011201,5,65011200,"СУПЫ,БУЛЬОНЫ",МСИ I_PRODUCT_SCORE,True,10
65011301,5,65011300,"ВЫПЕЧКА,ПИРОГИ",МСИ I_PRODUCT_SCORE,True,3
65011302,5,65011300,"БУТЕРБРОДЫ, СЭНДВИЧИ, РОЛЛЫ СП",МСИ I_PRODUCT_SCORE,True,1
65011303,5,65011300,"БУТЕРБРОДЫ, СЭНДВИЧИ, РОЛЛЫ СП",МСИ I_PRODUCT_SCORE,True,16
65011304,5,65011300,"БУТЕРБРОДЫ, СЭНДВИЧИ, РОЛЛЫ СП",МСИ I_PRODUCT_SCORE,True,12
65011401,5,65011400,САЛАТЫ КУЛИНАРНЫЕ,МСИ I_PRODUCT_SCORE,True,4
65011402,5,65011400,САЛАТ КОРЕЙСКИЕ,МСИ I_PRODUCT_SCORE,True,6
65011403,5,65011400,САЛАТЫ МЯСНЫЕ СП,МСИ I_PRODUCT_SCORE,True,9
65011404,5,65011400,САЛАТЫ ОВОЩНЫЕ И ФРУКТОВЫЕ СП,МСИ I_PRODUCT_SCORE,True,11
65011405,5,65011400,САЛАТЫ РЫБНЫЕ,МСИ I_PRODUCT_SCORE,True,7
65011501,5,65011500,"СУШИ,РОЛЛЫ,ОНИГИРИ",МСИ I_PRODUCT_SCORE,True,13
65011601,5,65011600,ДЕСЕРТЫ,МСИ I_PRODUCT_SCORE,False,3
65020101,5,65020100,ВАРЕНО-КОПЧЕНЫЕ ДЕЛИКАТЕСЫ,МСИ I_PRODUCT_SCORE,False,19
65020102,5,65020100,ВАРЕНО-КОПЧЕНЫЕ ДЕЛИКАТЕСЫ В НАРЕЗКЕ,МСИ I_PRODUCT_SCORE,True,11
65020103,5,65020100,ВЕТЧИНА,МСИ I_PRODUCT_SCORE,False,10
65020104,5,65020100,ВЕТЧИНА В НАРЕЗКЕ,МСИ I_PRODUCT_SCORE,False,6
65020105,5,65020100,ДЕЛИКАТЕСЫ ИЗ ПТИЦЫ,МСИ I_PRODUCT_SCORE,False,7
65020106,5,65020100,"ЗЕЛЬЦ, ЗАЛИВНОЕ",МСИ I_PRODUCT_SCORE,False,10
65020107,5,65020100,ПАШТЕТЫ,МСИ I_PRODUCT_SCORE,False,13
65020108,5,65020100,"САЛО, ШПИК",МСИ I_PRODUCT_SCORE,False,5
65020110,5,65020100,СЫРО-КОПЧЕНЫЕ И СЫРО-ВЯЛЕНЫЕ ДЕЛИКАТЕСЫ В НАРЕЗКЕ,МСИ I_PRODUCT_SCORE,False,19
65020201,5,65020200,"КОЛБАСЫ В/К, П/К",МСИ I_PRODUCT_SCORE,False,46
65020202,5,65020200,"КОЛБАСЫ В/К, П/К В НАРЕЗКЕ",МСИ I_PRODUCT_SCORE,False,4
65020203,5,65020200,КОЛБАСЫ ВАРЕНЫЕ,МСИ I_PRODUCT_SCORE,False,44
65020204,5,65020200,КОЛБАСЫ ВАРЕНЫЕ В НАРЕЗКЕ,МСИ I_PRODUCT_SCORE,False,11
65020205,5,65020200,"КОЛБАСЫ С/К, С/В",МСИ I_PRODUCT_SCORE,False,30
65020206,5,65020200,"КОЛБАСЫ С/К, С/В В НАРЕЗКЕ",МСИ I_PRODUCT_SCORE,False,30
65020207,5,65020200,ЛИВЕРНЫЕ КОЛБАСЫ И МЯСНОЙ ХЛЕБ,МСИ I_PRODUCT_SCORE,False,3
65020208,5,65020200,"КОЛБАСЫ С/К, С/В",МСИ I_PRODUCT_SCORE,True,12
65020301,5,65020300,САРДЕЛЬКИ,МСИ I_PRODUCT_SCORE,False,9
65020302,5,65020300,СОСИСКИ,МСИ I_PRODUCT_SCORE,False,61
65120201,5,65120200,"ГОВЯДИНА, ТЕЛЯТИНА Б/К ОХЛ",МСИ I_PRODUCT_SCORE,False,7
65120202,5,65120200,"ГОВЯДИНА, ТЕЛЯТИНА ЗАМ",МСИ I_PRODUCT_SCORE,False,1
65120401,5,65120400,СВИНИНА Б/К ОХЛ,МСИ I_PRODUCT_SCORE,False,12
65120403,5,65120400,СВИНИНА Н/К ОХЛ,МСИ I_PRODUCT_SCORE,False,5
65120501,5,65120500,СУБПРОДУКТЫ МЯСНЫЕ ЗАМ,МСИ I_PRODUCT_SCORE,False,3
65120502,5,65120500,"ГОВЯДИНА, ТЕЛЯТИНА Н/К ОХЛ",МСИ I_PRODUCT_SCORE,True,1
65120602,5,65120600,П/Ф НАТУРАЛЬНЫЕ ИЗ МЯСА В МАРИНАДАХ ОХЛ,МСИ I_PRODUCT_SCORE,False,11
65120701,5,65120700,ИЗДЕЛИЯ ИЗ ФАРША ИЗ МЯСА ОХЛ,МСИ I_PRODUCT_SCORE,False,5
65120703,5,65120700,"КОЛБАСКИ, КУПАТЫ ИЗ МЯСА ОХЛ",МСИ I_PRODUCT_SCORE,False,14
65120705,5,65120700,ФАРШ ИЗ МЯСА ОХЛ,МСИ I_PRODUCT_SCORE,False,8
65150102,5,65150100,КУРИЦА РАЗДЕЛКА ОХЛ,МСИ I_PRODUCT_SCORE,False,23
65150103,5,65150100,КУРИЦА ТУШКА ЗАМ,МСИ I_PRODUCT_SCORE,False,1
65150104,5,65150100,КУРИЦА ТУШКА ОХЛ,МСИ I_PRODUCT_SCORE,False,2
65150202,5,65150200,ПРОЧАЯ ПТИЦА РАЗДЕЛКА ОХЛ,МСИ I_PRODUCT_SCORE,False,12
65150203,5,65150200,ПРОЧАЯ ПТИЦА ТУШКА ЗАМ,МСИ I_PRODUCT_SCORE,False,1
65150301,5,65150300,КУРИЦА РАЗДЕЛКА ЗАМ,МСИ I_PRODUCT_SCORE,True,1
65150302,5,65150300,СУБПРОДУКТЫ ИЗ ПТИЦЫ ОХЛ,МСИ I_PRODUCT_SCORE,False,7
65150402,5,65150400,П/Ф НАТУРАЛЬНЫЕ ИЗ ПТИЦЫ В МАРИНАДАХ ОХЛ,МСИ I_PRODUCT_SCORE,True,6
65150404,5,65150400,П/Ф НАТУРАЛЬНЫЕ ИЗ ПТИЦЫ В ПАНИРОВКЕ ОХЛ,МСИ I_PRODUCT_SCORE,False,1
65150501,5,65150500,ИЗДЕЛИЯ ИЗ ФАРША ИЗ ПТИЦЫ ОХЛ.,МСИ I_PRODUCT_SCORE,False,9
65150503,5,65150500,"КОЛБАСКИ, КУПАТЫ ИЗ ПТИЦЫ ОХЛ",МСИ I_PRODUCT_SCORE,False,3
65150505,5,65150500,ФАРШ ИЗ ПТИЦЫ ОХЛ,МСИ I_PRODUCT_SCORE,False,3
65160101,5,65160100,ЯЙЦА КУРИНЫЕ,МСИ I_PRODUCT_SCORE,False,27
65160102,5,65160100,ЯЙЦА ПРОЧИЕ,МСИ I_PRODUCT_SCORE,False,2
65170101,5,65170100,"ПИРОГИ, ТОРТЫ ИНД",МСИ I_PRODUCT_SCORE,False,55
65170201,5,65170200,ПИРОЖНЫЕ ИНД,МСИ I_PRODUCT_SCORE,False,60
65180101,5,65180100,"КЕКСЫ, МАФФИНЫ ИНД",МСИ I_PRODUCT_SCORE,False,11
65180102,5,65180100,СДОБНЫЕ ИЗДЕЛИЯ ИНД,МСИ I_MISSION,True,25
65180103,5,65180100,МЕЛКОШТУЧНЫЕ ИЗДЕЛИЯ Х/Б ИНД,МСИ I_PRODUCT_SCORE,False,195
65180104,5,65180100,СДОБНЫЕ ИЗДЕЛИЯ ИНД,МСИ I_PRODUCT_SCORE,False,77
65180203,5,65180200,МЕЛКОШТУЧНЫЕ ИЗДЕЛИЯ Х/Б С/И,МСИ I_PRODUCT_SCORE,False,1
65180204,5,65180200,СДОБНЫЕ ИЗДЕЛИЯ С/И,МСИ I_PRODUCT_SCORE,False,6
65180301,5,65180300,"БАТОНЫ, БАГЕТЫ С/И",МСИ I_PRODUCT_SCORE,False,29
65180302,5,65180300,ХЛЕБ БЕЛЫЙ С/И,МСИ I_PRODUCT_SCORE,False,9
65180304,5,65180300,ХЛЕБ С ДОБАВКАМИ С/И,МСИ I_MISSION,False,1
65180306,5,65180300,"ХЛЕБ ЧЕРНЫЙ, СЕРЫЙ С/И",МСИ I_PRODUCT_SCORE,False,30
65180401,5,65180400,ПОЛУФАБРИКАТЫ ИЗ ТЕСТА,МСИ I_PRODUCT_SCORE,False,1
65180501,5,65180500,"БАТОНЫ, БАГЕТЫ ИНД",МСИ I_PRODUCT_SCORE,True,150
65180502,5,65180500,ХЛЕБ БЕЛЫЙ ИНД,МСИ I_PRODUCT_SCORE,False,32
65180503,5,65180500,ХЛЕБ НАЦИОНАЛЬНЫЙ ИНД,МСИ I_PRODUCT_SCORE,False,69
65180504,5,65180500,ХЛЕБ С ДОБАВКАМИ ИНД,МСИ I_PRODUCT_SCORE,True,175
65180505,5,65180500,ХЛЕБ ЦЕЛЬНОЗЕРНОВОЙ ИНД,МСИ I_PRODUCT_SCORE,False,2
65180506,5,65180500,"ХЛЕБ ЧЕРНЫЙ, СЕРЫЙ ИНД",МСИ I_PRODUCT_SCORE,True,146
65180601,5,65180600,ХЛЕБЦЫ,МСИ I_PRODUCT_SCORE,False,28
66010501,5,66010500,КРЕВЕТКИ И РАКООБРАЗНЫЕ,МСИ I_PRODUCT_SCORE,False,12
66010502,5,66010500,МОРЕПРОДУКТЫ ЗАМ ПРОЧИЕ,МСИ I_PRODUCT_SCORE,False,4
66010601,5,66010600,РЫБА ЗАМ ТУШКА БЕЛАЯ,МСИ I_PRODUCT_SCORE,False,7
66010701,5,66010700,РЫБНЫЕ П/Ф ЗАМ,МСИ I_PRODUCT_SCORE,False,19
66010801,5,66010800,"РЫБА ЗАМ ФИЛЕ, СТЕЙК БЕЛАЯ",МСИ I_PRODUCT_SCORE,False,18
66010802,5,66010800,"РЫБА ЗАМ ФИЛЕ, СТЕЙК КРАСНАЯ",МСИ I_PRODUCT_SCORE,False,3
66020601,5,66020600,ГРИБЫ ЗАМ,МСИ I_PRODUCT_SCORE,False,2
66020602,5,66020600,КАРТОФЕЛЬ ЗАМ,МСИ I_PRODUCT_SCORE,False,4
66020603,5,66020600,ОВОЩИ И СМЕСИ ЗАМ,МСИ I_PRODUCT_SCORE,False,25
66020604,5,66020600,ТЕСТО ЗАМ,МСИ I_PRODUCT_SCORE,False,6
66020605,5,66020600,"ФРУКТЫ, ЯГОДЫ ЗАМ",МСИ I_PRODUCT_SCORE,False,9
66020701,5,66020700,"БЛИНЫ, СЫРНИКИ, ОЛАДЬИ ЗАМ",МСИ I_PRODUCT_SCORE,False,21
66020702,5,66020700,ВАРЕНИКИ ЗАМ,МСИ I_PRODUCT_SCORE,False,8
66020703,5,66020700,ВТОРЫЕ БЛЮДА ЗАМ,МСИ I_PRODUCT_SCORE,False,13
66020704,5,66020700,"КОТЛЕТЫ, ГАЛЕТЫ, НАГГЕТСЫ ЗАМ",МСИ I_PRODUCT_SCORE,False,20
66020705,5,66020700,"ПЕЛЬМЕНИ, ХИНКАЛИ, МАНТЫ, ПР. ЗАМ",МСИ I_PRODUCT_SCORE,False,42
66020706,5,66020700,ПИЦЦА ЗАМ,МСИ I_PRODUCT_SCORE,False,7
66020707,5,66020700,СНЭКИ ЗАМ,МСИ I_PRODUCT_SCORE,False,20
66020708,5,66020700,СУПЫ ЗАМ,МСИ I_PRODUCT_SCORE,False,4
66020802,5,66020800,КОНДИТЕРСКИЕ ИЗДЕЛИЯ ЗАМ,МСИ I_PRODUCT_SCORE,False,2
66020803,5,66020800,МОРОЖЕНОЕ ИМПУЛЬСНОЕ,МСИ I_PRODUCT_SCORE,False,122
66020804,5,66020800,МОРОЖЕНОЕ СЕМЕЙНОЕ,МСИ I_PRODUCT_SCORE,True,39
66020805,5,66020800,"ФРУКТОВЫЕ, ЯГОДНЫЕ ДЕСЕРТЫ",МСИ I_PRODUCT_SCORE,False,1
66020806,5,66020800,ЛЕД ПИЩЕВОЙ,МСИ I_PRODUCT_SCORE,False,3
66030304,5,66030300,ЙОГУРТ ПИТЬЕВОЙ,МСИ I_PRODUCT_SCORE,False,52
66030306,5,66030300,ФУНКЦИОНАЛЬНЫЕ ПРОДУКТЫ,МСИ I_PRODUCT_SCORE,True,25
66030309,5,66030300,СЫВОРОТОЧНЫЕ НАПИТКИ,МСИ I_PRODUCT_SCORE,False,9
66030311,5,66030300,МОЛОЧНЫЕ КОКТЕЙЛИ,МСИ I_PRODUCT_SCORE,False,31
66030401,5,66030400,КЕФИР И КЕФИРНЫЕ ПРОДУКТЫ,МСИ I_PRODUCT_SCORE,False,69
66030402,5,66030400,НАЦИОНАЛЬНЫЕ КИСЛОМОЛОЧНЫЕ ПРОДУКТЫ,МСИ I_PRODUCT_SCORE,False,9
66030403,5,66030400,"РЯЖЕНКА, ПРОСТОКВАША, ВАРЕНЕЦ, АЦИДОФИЛИН, СНЕЖОК",МСИ I_PRODUCT_SCORE,False,48
66030505,5,66030500,СЛИВКИ ПАСТЕРИЗОВАННЫЕ,МСИ I_PRODUCT_SCORE,False,3
66030506,5,66030500,СЛИВКИ УЛЬТРАПАСТЕРИЗОВАННЫЕ,МСИ I_PRODUCT_SCORE,False,24
66030507,5,66030500,"СЛИВКИ, КРЕМ ПРОЧИЕ",МСИ I_PRODUCT_SCORE,False,3
66030702,5,66030700,МОЛОКО ПАСТЕРИЗОВАННОЕ,МСИ I_PRODUCT_SCORE,False,90
66030703,5,66030700,МОЛОКО УЛЬТРАПАСТЕРИЗОВАННОЕ,МСИ I_PRODUCT_SCORE,False,24
66031101,5,66031100,СМЕТАНА,МСИ I_PRODUCT_SCORE,True,70
66031102,5,66031100,СМЕТАННЫЙ ПРОДУКТ,МСИ I_PRODUCT_SCORE,False,1
66031202,5,66031200,СНЕКИ МОЛОЧНЫЕ,МСИ I_PRODUCT_SCORE,False,19
66031203,5,66031200,СЫРОК ГЛАЗИРОВАННЫЙ,МСИ I_PRODUCT_SCORE,False,46
66031401,5,66031400,"ТВОРОГ ЗЕРНЕНЫЙ, ДОМАШНИЙ",МСИ I_PRODUCT_SCORE,False,9
66031403,5,66031400,ТВОРОЖНАЯ МАССА,МСИ I_PRODUCT_SCORE,False,18
66031404,5,66031400,ТВОРОГ НАТУРАЛЬНЫЙ,МСИ I_PRODUCT_SCORE,True,18
66031405,5,66031400,ТВОРОГ НАТУРАЛЬНЫЙ,МСИ I_PRODUCT_SCORE,True,24
66031406,5,66031400,ТВОРОГ НАТУРАЛЬНЫЙ,МСИ I_PRODUCT_SCORE,True,5
66031407,5,66031400,ТВОРОГ НАТУРАЛЬНЫЙ,МСИ I_PRODUCT_SCORE,True,36
66031501,5,66031500,МАРГАРИН,МСИ I_PRODUCT_SCORE,False,2
66031502,5,66031500,МАСЛО СЛИВОЧНОЕ,МСИ I_PRODUCT_SCORE,False,26
66031503,5,66031500,МАСЛО СЛИВОЧНОЕ ПРОЧЕЕ,МСИ I_PRODUCT_SCORE,True,1
66031504,5,66031500,СПРЕД,МСИ I_PRODUCT_SCORE,False,2
66031601,5,66031600,РАСТИТЕЛЬНЫЕ НАПИТКИ,МСИ I_PRODUCT_SCORE,False,28
66031602,5,66031600,РАСТИТЕЛЬНЫЕ ДЕСЕРТЫ,МСИ I_PRODUCT_SCORE,True,12
66031603,5,66031600,РАСТИТЕЛЬНЫЕ НАПИТКИ,МСИ I_PRODUCT_SCORE,True,9
66031701,5,66031700,ДЕСЕРТЫ И ЙОГУРТЫ ВЯЗКИЕ,МСИ I_PRODUCT_SCORE,True,70
66031702,5,66031700,"СЛИВКИ, КРЕМ ПРОЧИЕ",МСИ I_PRODUCT_SCORE,True,3
66031704,5,66031700,ДЕСЕРТЫ И ЙОГУРТЫ ВЯЗКИЕ,МСИ I_PRODUCT_SCORE,True,36
66031705,5,66031700,ДЕСЕРТЫ И ЙОГУРТЫ ВЯЗКИЕ,МСИ I_PRODUCT_SCORE,True,15
66031706,5,66031700,ДЕСЕРТЫ И ЙОГУРТЫ ВЯЗКИЕ,МСИ I_PRODUCT_SCORE,True,16
66031708,5,66031700,ДЕСЕРТЫ ПРОЧИЕ,МСИ I_PRODUCT_SCORE,True,10
66040101,5,66040100,ИКРА ИМИТИРОВАННАЯ,МСИ I_PRODUCT_SCORE,False,3
66040102,5,66040100,ИКРА ЛОСОСЕВАЯ,МСИ I_PRODUCT_SCORE,False,8
66040103,5,66040100,ИКРА МОЙВЫ,МСИ I_PRODUCT_SCORE,False,4
66040105,5,66040100,ИКРА РЫБНАЯ ПРОЧАЯ,МСИ I_PRODUCT_SCORE,True,3
66040106,5,66040100,ИКРА ЧАСТИКОВЫХ РЫБ,МСИ I_PRODUCT_SCORE,False,2
66040201,5,66040200,"ПАШТЕТЫ, ПАСТЫ, МАСЛА РЫБНЫЕ",МСИ I_PRODUCT_SCORE,False,12
66040301,5,66040300,ПРЕСЕРВЫ ИЗ МОРЕПРОДУКТОВ,МСИ I_PRODUCT_SCORE,False,11
66040302,5,66040300,ПРЕСЕРВЫ РЫБНЫЕ,МСИ I_PRODUCT_SCORE,False,30
66040501,5,66040500,САЛАТЫ ИЗ ВОДОРОСЛЕЙ,МСИ I_PRODUCT_SCORE,False,6
66040502,5,66040500,"ПАШТЕТЫ, ПАСТЫ, МАСЛА РЫБНЫЕ",МСИ I_PRODUCT_SCORE,True,5
66040604,5,66040600,СУРИМИ ОХЛ,МСИ I_PRODUCT_SCORE,False,19
66040903,5,66040900,РЫБА ХОЛ КОПЧЕНИЯ ИНД,МСИ I_PRODUCT_SCORE,True,11
66040904,5,66040900,РЫБА СОЛЕНАЯ ИНД,МСИ I_PRODUCT_SCORE,True,13
66050103,5,66050100,СЫР ДЛЯ ГУРМАНОВ ПРОЧИЙ,МСИ I_PRODUCT_SCORE,True,1
66050104,5,66050100,СЫР ДЛЯ ГУРМАНОВ,МСИ I_PRODUCT_SCORE,True,16
66050105,5,66050100,СЫР ДЛЯ ГУРМАНОВ,МСИ I_PRODUCT_SCORE,True,3
66050201,5,66050200,СЫР ПЛАВЛЕНЫЙ,МСИ I_PRODUCT_SCORE,True,25
66050202,5,66050200,СЫР ПЛАВЛЕНЫЙ,МСИ I_PRODUCT_SCORE,True,8
66050203,5,66050200,СЫР ПЛАВЛЕНЫЙ,МСИ I_PRODUCT_SCORE,True,14
66050204,5,66050200,СЫР ПЛАВЛЕНЫЙ,МСИ I_PRODUCT_SCORE,True,3
66050205,5,66050200,СЫР ПЛАВЛЕНЫЙ КОЛБАСНЫЙ,МСИ I_PRODUCT_SCORE,True,2
66050301,5,66050300,СЫР РАССОЛЬНЫЙ,МСИ I_PRODUCT_SCORE,True,9
66050302,5,66050300,СЫР РАССОЛЬНЫЙ,МСИ I_PRODUCT_SCORE,True,9
66050303,5,66050300,СЫР РАССОЛЬНЫЙ,МСИ I_PRODUCT_SCORE,True,7
66050304,5,66050300,СЫР РАССОЛЬНЫЙ,МСИ I_PRODUCT_SCORE,True,14
66050401,5,66050400,СЫР ТВЕРДЫЙ,МСИ I_PRODUCT_SCORE,True,54
66050402,5,66050400,СЫР ТВЕРДЫЙ,МСИ I_PRODUCT_SCORE,True,7
66050403,5,66050400,СЫР ТВЕРДЫЙ,МСИ I_PRODUCT_SCORE,True,9
66050501,5,66050500,СЫР ТВОРОЖНЫЙ,МСИ I_PRODUCT_SCORE,False,35
66050502,5,66050500,СЫР ТВОРОЖНЫЙ,МСИ I_PRODUCT_SCORE,True,10
66050601,5,66050600,СЫР ТЕРТЫЙ,МСИ I_PRODUCT_SCORE,False,7
66050602,5,66050600,СЫР ТЕРТЫЙ,МСИ I_PRODUCT_SCORE,True,4
66050701,5,66050700,СЫРНАЯ НАРЕЗКА,МСИ I_PRODUCT_SCORE,True,21
66050702,5,66050700,СЫРНАЯ НАРЕЗКА,МСИ I_MISSION,True,9
66060101,5,66060100,МАЙОНЕЗ ВЫСОКОКАЛОРИЙНЫЙ,МСИ I_PRODUCT_SCORE,False,39
66060102,5,66060100,СОУС МАЙОНЕЗНЫЙ,МСИ I_PRODUCT_SCORE,False,5
66070101,5,66070100,ПЕЧЕНЬЕ ДЕТСКОЕ,МСИ I_PRODUCT_SCORE,False,16
66070103,5,66070100,ПЕЧЕНЬЕ ДЕТСКОЕ,МСИ I_PRODUCT_SCORE,True,37
66070202,5,66070200,ЗАМЕНИТЕЛИ ГРУДНОГО МОЛОКА ПРОСТЫЕ,МСИ I_PRODUCT_SCORE,False,3
66070203,5,66070200,ЗАМЕНИТЕЛИ ГРУДНОГО МОЛОКА С ПРЕБИОТИКАМИ,МСИ I_PRODUCT_SCORE,False,3
66070301,5,66070300,КАШИ ДЕТСКИЕ ЖИДКИЕ,МСИ I_PRODUCT_SCORE,False,21
66070302,5,66070300,КАШИ ДЕТСКИЕ СУХИЕ,МСИ I_PRODUCT_SCORE,True,13
66070401,5,66070400,ВОДА ДЕТСКАЯ,МСИ I_PRODUCT_SCORE,True,16
66070402,5,66070400,"СОКИ, НЕКТАРЫ ДЕТСКИЕ",МСИ I_PRODUCT_SCORE,False,62
66070403,5,66070400,ЧАЙ ДЕТСКИЙ,МСИ I_PRODUCT_SCORE,False,3
66070501,5,66070500,ПЮРЕ МЯСНЫЕ,МСИ I_PRODUCT_SCORE,False,31
66070502,5,66070500,ПЮРЕ МЯСО-ОВОЩНЫЕ,МСИ I_PRODUCT_SCORE,False,7
66070503,5,66070500,ПЮРЕ ОВОЩНЫЕ,МСИ I_PRODUCT_SCORE,False,3
66070504,5,66070500,ПЮРЕ ФРУКТОВО-ОВОЩНЫЕ,МСИ I_PRODUCT_SCORE,False,1
66070505,5,66070500,ПЮРЕ ФРУКТОВЫЕ,МСИ I_PRODUCT_SCORE,False,71
66070601,5,66070600,ДЕСЕРТЫ И ЙОГУРТЫ ВЯЗКИЕ,МСИ I_PRODUCT_SCORE,True,2
66070602,5,66070600,ЙОГУРТЫ ДЕТСКИЕ,МСИ I_MISSION,False,8
66070603,5,66070600,ФУНКЦИОНАЛЬНЫЕ ПРОДУКТЫ,МСИ I_PRODUCT_SCORE,True,7
66070604,5,66070600,"КЕФИР, БИФИДОПРОДУКТЫ ДЕТСКИЕ",МСИ I_MISSION,False,8
66070605,5,66070600,МОЛОКО И СЛИВКИ ДЕТСКИЕ,МСИ I_MISSION,False,5
66070606,5,66070600,МОЛОЧНЫЕ КОКТЕЙЛИ,МСИ I_PRODUCT_SCORE,True,4
66070607,5,66070600,МОЛОКО И СЛИВКИ ДЕТСКИЕ,МСИ I_MISSION,False,5
66070608,5,66070600,СМЕСИ ГОТОВЫЕ МОЛОЧНЫЕ ДЕТСКИЕ,МСИ I_PRODUCT_SCORE,True,1
66070609,5,66070600,ТВОРОГ И ТВОРОЖНЫЕ ДЕСЕРТЫ ДЕТСКИЕ,МСИ I_MISSION,False,15
66070610,5,66070600,ДЕСЕРТЫ И ЙОГУРТЫ ВЯЗКИЕ,МСИ I_PRODUCT_SCORE,True,3
68010501,5,68010500,ГОРЯЧИЕ НАПИТКИ,МСИ I_PRODUCT_SCORE,False,10
68050101,5,68050100,ИЗДЕЛИЯ МЕЛКОШТУЧНЫЕ Х/Б СП,МСИ I_PRODUCT_SCORE,False,5
68050102,5,68050100,ИЗДЕЛИЯ СЛАДКИЕ СП,МСИ I_PRODUCT_SCORE,False,16
68050103,5,68050100,ИЗДЕЛИЯ СЫТНЫЕ СП,МСИ I_PRODUCT_SCORE,False,18
68050106,5,68050100,ПЕЧЕНЬЕ СП,МСИ I_MISSION,False,1
68050108,5,68050100,ИЗДЕЛИЯ СЛАДКИЕ СП,МСИ I_MISSION,True,3
68050202,5,68050200,"ДОНАТЫ, ПОНЧИКИ, МАФФИНЫ ДЕФРОСТ",МСИ I_PRODUCT_SCORE,False,1
68050206,5,68050200,"ДОНАТЫ, ПОНЧИКИ, МАФФИНЫ ДЕФРОСТ",МСИ I_PRODUCT_SCORE,True,5
68050207,5,68050200,ИЗДЕЛИЯ СЫТНЫЕ СП,МСИ I_PRODUCT_SCORE,True,24
68050401,5,68050400,"БАТОНЫ, БАГЕТЫ СП",МСИ I_PRODUCT_SCORE,False,7
68050403,5,68050400,ХЛЕБ БЕЛЫЙ СП,МСИ I_PRODUCT_SCORE,False,2
68050404,5,68050400,ХЛЕБ НАЦИОНАЛЬНЫЙ СП,МСИ I_PRODUCT_SCORE,False,1
68050408,5,68050400,ХЛЕБ РЖАНО-ПШЕНИЧНЫЙ СП,МСИ I_PRODUCT_SCORE,False,2
68050501,5,68050500,"ПИЦЦА, ПИРОГИ, ХАЧАПУРИ СП",МСИ I_PRODUCT_SCORE,True,8
69020906,5,69020900,"ГУБКИ, ТРЯПКИ (К)",МСИ I_PRODUCT_SCORE,True,2
69020907,5,69020900,"ГУБКИ, ТРЯПКИ (К)",МСИ I_PRODUCT_SCORE,True,2
69021002,5,69021000,"КОФР, КОНТЕЙНЕР, КОРЗИНА ДЛЯ ХРАНЕНИЯ (К)",МСИ I_MISSION,False,1
69030203,5,69030200,"СПИЦЫ, АКСЕССУАРЫ ДЛЯ ШИТЬЯ И ВЫШИВАНИЯ (К)",МСИ I_PRODUCT_SCORE,False,11
69030501,5,69030500,ПОЛОТЕНЦА БАННЫЕ (К),МСИ I_MISSION,False,1
69040201,5,69040200,КАНЦЕЛЯРСКИЕ МЕЛОЧИ (К),МСИ I_PRODUCT_SCORE,False,2
69040302,5,69040300,НАБОРЫ ДЛЯ ТВОРЧЕСТВА (К),МСИ I_MISSION,False,1
69040401,5,69040400,"КАРАНДАШИ Ч/Г, СТЕРЖЕНЬ (К)",МСИ I_MISSION,False,2
69060212,5,69060200,"ГОЛОВНЫЕ УБОРЫ, ШАРФЫ, ПЕРЧАТКИ, ПЛАТКИ ЖЕН (К)",МСИ I_PRODUCT_SCORE,False,1
69070302,5,69070300,РАСКРАСКИ И ПОСОБИЯ (К),МСИ I_PRODUCT_SCORE,False,16
69070304,5,69070300,КНИГИ ДЕТСКИЕ (К),МСИ I_PRODUCT_SCORE,False,14
69070402,5,69070400,ОТКРЫТКИ (К),МСИ I_PRODUCT_SCORE,False,2
69080101,5,69080100,БАРНЫЕ АКСЕССУАРЫ (К),МСИ I_PRODUCT_SCORE,False,1
69080111,5,69080100,КУХОННАЯ УТВАРЬ ПРОЧЕЕ (К),МСИ I_PRODUCT_SCORE,False,2
69080301,5,69080300,ПЛАСТИКОВЫЕ КОНТЕЙНЕРЫ (К),МСИ I_MISSION,False,1
69080303,5,69080300,ЕМКОСТИ ДЛЯ ХРАНЕНИЯ (К),МСИ I_MISSION,False,1
69080505,5,69080500,"ТАРЕЛКИ, САЛАТНИКИ (К)",МСИ I_MISSION,False,1
69090401,5,69090400,"ВАЗЫ, ГОРШКИ, КАШПО (К)",МСИ I_PRODUCT_SCORE,False,16
69090402,5,69090400,"ГРУНТ, УДОБРЕНИЯ (К)",МСИ I_PRODUCT_SCORE,False,1
69090403,5,69090400,ОБОРУДОВАНИЕ ДЛЯ ПОЛИВА (К),МСИ I_MISSION,False,1
69090405,5,69090400,САДОВЫЕ ИНСТРУМЕНТЫ (К),МСИ I_PRODUCT_SCORE,False,5
69090502,5,69090500,ЗИМНИЙ СПОРТ (К),МСИ I_MISSION,False,1
69090702,5,69090700,ЕЛОЧНЫЕ УКРАШЕНИЯ (К),МСИ I_PRODUCT_SCORE,False,21
69090703,5,69090700,КОСТЮМ КАРНАВАЛЬНЫЙ И АКСЕССУАРЫ (К),МСИ I_MISSION,False,1
69090704,5,69090700,"МИШУРА, ДОЖДИК, КОНФЕТТИ, СЕРПАНТИН (К)",МСИ I_PRODUCT_SCORE,False,4
69090707,5,69090700,СУВЕНИРЫ (К),МСИ I_PRODUCT_SCORE,False,15
69090708,5,69090700,ЭЛЕКТРИЧЕСКИЕ УКРАШЕНИЯ (К),МСИ I_MISSION,False,4
69090803,5,69090800,ПАСХАЛЬНЫЕ НАБОРЫ (К),МСИ I_PRODUCT_SCORE,False,2
69090804,5,69090800,ПАСХАЛЬНЫЕ СУВЕНИРЫ (К),МСИ I_PRODUCT_SCORE,False,4
69091001,5,69091000,АКСЕССУАРЫ ДЛЯ РАЗВЛЕЧЕНИЙ (К),МСИ I_PRODUCT_SCORE,False,7
69091004,5,69091000,ПАКЕТЫ И БУМАГА ПОДАРОЧНАЯ (К),МСИ I_PRODUCT_SCORE,False,10
69091005,5,69091000,АКСЕССУАРЫ ДЛЯ РАЗВЛЕЧЕНИЙ (К),МСИ I_PRODUCT_SCORE,True,2
69091006,5,69091000,ШАРЫ (К),МСИ I_PRODUCT_SCORE,False,5
69091101,5,69091100,ДЕНЬ ПОБЕДЫ (К),МСИ I_MISSION,False,1
69091201,5,69091200,БАНКИ ДЛЯ КОНСЕРВАЦИИ (К),МСИ I_MISSION,False,2
69130301,5,69130300,АКСЕССУАРЫ ДЛЯ МОБИЛЬНЫХ ТЕЛЕФОНОВ (К),МСИ I_MISSION,False,1
69170101,5,69170100,ИГРУШКИ ДЛЯ АКТИВНОГО ОТДЫХА ПРОЧИЕ (К),МСИ I_PRODUCT_SCORE,False,8
69170102,5,69170100,МЫЛЬНЫЕ ПУЗЫРИ (К),МСИ I_PRODUCT_SCORE,False,4
69170303,5,69170300,ИГРУШКИ РАЗВИВАЮЩИЕ ПРОЧИЕ (К),МСИ I_PRODUCT_SCORE,False,2
69170305,5,69170300,НАБОР ДЛЯ ТВОРЧЕСТВА И МОДЕЛИРОВАНИЯ (К),МСИ I_PRODUCT_SCORE,False,5
69170306,5,69170300,НАБОР ИГРОВОЙ РАЗВИВАЮЩИЙ (К),МСИ I_PRODUCT_SCORE,False,3
69170401,5,69170400,МОДЕЛЬ (К),МСИ I_PRODUCT_SCORE,False,1
69170403,5,69170400,ПРОЧИЕ (К),МСИ I_PRODUCT_SCORE,False,1
69170602,5,69170600,КУКЛЫ (К),МСИ I_MISSION,False,1
69180107,5,69180100,"СПОНЖЫ, КИСТИ, ЗЕРКАЛА, ГАЛАНТЕРЕЯ ДЛЯ МАКИЯЖА (К)",МСИ I_PRODUCT_SCORE,False,2
69180302,5,69180300,"СУМКИ, ПОРТФЕЛИ (К)",МСИ I_PRODUCT_SCORE,False,2
69190103,5,69190100,"НОСКИ, ГОЛЬФЫ МУЖ (К)",МСИ I_PRODUCT_SCORE,False,2
69190105,5,69190100,"НОСКИ, ГОЛЬФЫ, ПОДСЛЕДНИКИ ХЛОПКОВЫЕ ЖЕН (К)",МСИ I_PRODUCT_SCORE,False,3
69190106,5,69190100,"КОЛГОТКИ, ЧУЛКИ КАПРОН (К)",МСИ I_PRODUCT_SCORE,False,8
69190107,5,69190100,"КОЛГОТКИ, ЧУЛКИ МИКРОФИБРА (К)",МСИ I_PRODUCT_SCORE,False,1
71010101,5,71010100,АКЦИИ ЛОЯЛЬНОСТИ,МСИ I_PRODUCT_SCORE,False,21
71010102,5,71010100,АКЦИИ ЛОЯЛЬНОСТИ,МСИ I_MISSION,True,1
71010201,5,71010200,ДИСКОНТНЫЕ КАРТЫ,МСИ I_PRODUCT_SCORE,False,1
72010101,5,72010100,ДОСТАВКА ДО ДОМА,МСИ I_PRODUCT_SCORE,False,2
